timestamp,evaluator_name,position,question,answer,model_name,csv_path,code_formatting,consistency_score,correctness_score,usefulness_score,intention_to_use,is_finetuned,is_vanilla,is_pipeline
2022-08-16 13:24:32,Anonymous,Left,"How to plot maximal intensity projection of images in same directory. I have a Z-stack of images of biological samples. Each biological sample is saved in its own directory : Sample_1, Sample_2... Each image of the Z-stack is saved alone : Sample_1/position_1.tif, Sample_1/position_2.tif, Sample_1/position_3.tif... How can I plot with opencv (or any other python library) the maximal intensity projection of each biological sample ? I found here (Maximum intensity projection from image stack) an answer that is close but my original images are not stacks but separated images. Please, could you let me know if you have any clue in order to solve my issue ? ","
  How can I plot with opencv (or any other python library) the maximal intensity projection of each biological sample?",T2T GPTNEO FINETUNED,T2T_trained_YES_CLEAN_YES_NL_predict.csv,False,5,1,1,no,1,0,0
2022-08-16 13:24:32,Anonymous,Right,"How to plot maximal intensity projection of images in same directory. I have a Z-stack of images of biological samples. Each biological sample is saved in its own directory : Sample_1, Sample_2... Each image of the Z-stack is saved alone : Sample_1/position_1.tif, Sample_1/position_2.tif, Sample_1/position_3.tif... How can I plot with opencv (or any other python library) the maximal intensity projection of each biological sample ? I found here (Maximum intensity projection from image stack) an answer that is close but my original images are not stacks but separated images. Please, could you let me know if you have any clue in order to solve my issue ? ","
I have a Z-stack of images of biological samples. Each biological sample is saved in its own directory : Sample_1, Sample_2... Each image of the Z-stack is saved alone : Sample_1/position_1.tif, Sample_1/position_2.tif, Sample_1/position_3.tif... How can I plot with opencv (or any other python library) the maximal intensity projection of each biological sample? I found here (Maximum intensity projection from image stack) an answer that is close but my original images are not stacks but separated images. Please, could you let me",T2T GPTNEO VANILLA,T2T_vanilla_predict.csv,False,4,1,1,no,0,1,0
2022-08-16 13:25:20,Anonymous,Left,"How to create a class that is not an instance of type?. According to 3.3.3.2. Resolving MRO entries:  If a base that appears in class definition is not an instance of type, then an _mro_entries_ method is searched on it.  So, I suppose there should be a way to create a class that is not an instance of type. But how? I know only two ways in Python to create a class:  A class definition (class MyClass(...): ...) creates an instance of type or the given metaclass given by the metaclass argument (actually, the most derived one from the set including the metaclasses of the bases). A call of type(name, bases, dict) creates an instance of type.  Is there any other way? How to create a class that is not an instance of type? ",_ _.__.__.__.__.__.__.__.__.__.__.__.__.__.__.__.__.__.__.__.__.__.__.__.__.__.__.__.__.__.__.__.__.__.__.__.__.__.__.__.__,PIPELINE T+B,q_id_titles-body_answers_t5_fixed.csv,False,1,1,1,no,0,0,1
2022-08-16 13:25:20,Anonymous,Right,"How to create a class that is not an instance of type?. According to 3.3.3.2. Resolving MRO entries:  If a base that appears in class definition is not an instance of type, then an _mro_entries_ method is searched on it.  So, I suppose there should be a way to create a class that is not an instance of type. But how? I know only two ways in Python to create a class:  A class definition (class MyClass(...): ...) creates an instance of type or the given metaclass given by the metaclass argument (actually, the most derived one from the set including the metaclasses of the bases). A call of type(name, bases, dict) creates an instance of type.  Is there any other way? How to create a class that is not an instance of type? ","If you are developing the classes yourself, a more proper object - oriented style is to define methods on the classes that encapsulate a particular behaviour, instead of checking the object ’ s class and doing a different thing based on what class it is. for example, if you have a function that does something: def search ( obj ) : if isinstr(isinstr(isinstr(isinstr(isinstr(isinstr(isinst",PIPELINE T,q_id_titles_answers_t5_fixed.csv,False,4,4,3,modified,0,0,1
2022-08-16 13:26:21,Anonymous,Left,"how can i stop showing the decimal .0 after the whole number? python. So, i entered code below to round a column to the nearest integer, though it still shows up with decimals. Eg. I want to round 62.040 to just 62 though once the code is entered it shows 62.0 in the output data['Final'] = np.ceil(data['Total'].round()) ",' '( bpo - 8257 ). mixed type comparisons are now fully supported so that decimal objects can be directly compared with float and fractions. fraction ( bpo - 2531 and bpo - 8188 ). similar changes were made to fractions. fraction so that the from _ float ( ) and from _ decimal ( ) methods are no longer needed ( bpo - 8294 ).,PIPELINE T,q_id_titles_answers_t5_fixed.csv,False,4,2,1,no,0,0,1
2022-08-16 13:26:21,Anonymous,Right,"how can i stop showing the decimal .0 after the whole number? python. So, i entered code below to round a column to the nearest integer, though it still shows up with decimals. Eg. I want to round 62.040 to just 62 though once the code is entered it shows 62.0 in the output data['Final'] = np.ceil(data['Total'].round()) ","' '##94 therefore the best possible approximation to 1 / 10 in 754 double precision is : 7205759403792794 / 2 * * 56 dividing both the numerator and denominator by two reduces the fraction to : 3602879701896397 / 2 * * 55 Note that since we rounded up, this is actually a little bit larger than 1 / 10 ; if we had not rounded up, the quotient would have been a little bit larger than 1 / 10 ; if",PIPELINE T+B,q_id_titles-body_answers_t5_fixed.csv,False,4,3,2,no,0,0,1
2022-08-16 13:27:36,Sergey Kovalchuk,Left,"Get nodes within 1km walking distance of a GPS location OSMNX. Given a (lat,lng) point and an all type OSMNX network, how can I find which nodes in the graph are within 1km walking distance from the point? I was thinking about calculating the great circle distance between each node and the point and checking whether it is at most 1km, but I do not believe this will be very accurate since the topology of the network will be ignored. ","' '( fullcircle = 360. 0 )  parameters fullcircle – a number set angle measurement units, i. e. set number of “ degrees ” for a full circle. default value is 360 degrees. &gt;&gt;&gt; turtle. home ( 90) &gt;&gt;&gt; turtle. heading ( 90) &gt;&gt;&gt; turtle. heading ( 90) &gt;&gt;&gt; turtle.",PIPELINE T+B,q_id_titles-body_answers_t5_fixed.csv,False,4,2,1,no,0,0,1
2022-08-16 13:27:36,Sergey Kovalchuk,Right,"Get nodes within 1km walking distance of a GPS location OSMNX. Given a (lat,lng) point and an all type OSMNX network, how can I find which nodes in the graph are within 1km walking distance from the point? I was thinking about calculating the great circle distance between each node and the point and checking whether it is at most 1km, but I do not believe this will be very accurate since the topology of the network will be ignored. ","' 'once those are marked as processed by calling topologicalsorter. done ( ), further calls will return all new nodes that have all their predecessors already processed. once no more progress can be made, empty tuples are returned. raises valueerror if called without calling prepare ( ) previously.''once those are marked as processed by calling topologicalsorter. done ( ), further calls will return all new nodes that have all their predecessors already processed. once no more progress can be made, empty tuples are returned. raises valueerror",PIPELINE T,q_id_titles_answers_t5_fixed.csv,False,4,4,4,yes,0,0,1
2022-08-16 13:29:58,Sergey Kovalchuk,Left,"Method of opening .py scripts without packages installed? (pip). Essentially want to send a script to my friend to go over. He has python installed on his computer, but doesn't specifically have 'pyinputplus' - a key component of the program. Is there a way that I can send this script to him without him installing pyinputplus? Or whether I can effectively insert 'pip install pyinputplus' into the code and have it execute when he runs it? I had also considered making the script an executable, but didn't think that would help. Relatively new to this, so apologies for my naivety. Thanks. ","
I think the answer is yes, but I'm not sure. I would recommend that you use a virtualenv to install the packages you want to use. Then you can simply run the script with the virtualenv.

A:

You can use the virtualenv to install packages.

A:

You can use virtualenv to install packages.

A:

You can use virtualenv to install packages.

A:

You can use virtualenv to install packages.

A:

You can use virtualenv to install packages.

A:

You can",T2T GPTNEO VANILLA,T2T_vanilla_predict.csv,False,5,5,4,yes,0,1,0
2022-08-16 13:29:58,Sergey Kovalchuk,Right,"Method of opening .py scripts without packages installed? (pip). Essentially want to send a script to my friend to go over. He has python installed on his computer, but doesn't specifically have 'pyinputplus' - a key component of the program. Is there a way that I can send this script to him without him installing pyinputplus? Or whether I can effectively insert 'pip install pyinputplus' into the code and have it execute when he runs it? I had also considered making the script an executable, but didn't think that would help. Relatively new to this, so apologies for my naivety. Thanks. ","' '##lib. resources in python 3. 7 and newer ( backported as importlib _ resources for older versions of python ), this can eliminate the need to use the older and less efficient pkg _ resources package.",PIPELINE T,q_id_titles_answers_t5_fixed.csv,False,4,3,2,no,0,0,1
2022-08-16 13:31:10,Sergey Kovalchuk,Left,Is there a way to set a float for the single step of a pyqt5 scrollbar?. I'm trying to use a scroll bar in a pyqt5 gui. I need it to increment by 0.01 (Total length should be around 390) for a single click on the arrow but it seems like the setSingleStep only takes integers. Is there a way to make a single step 0.01? ,"
  I'm trying to use a scroll bar in a pyqt5 gui. I need it to increment by 0.01 (Total length should be around 390) for a single click on the arrow but it seems like the setSingleStep only takes integers. Is there a way to make a single step 0.01?",T2T GPTNEO FINETUNED,T2T_trained_YES_CLEAN_YES_NL_predict.csv,False,5,2,1,no,1,0,0
2022-08-16 13:31:10,Sergey Kovalchuk,Right,Is there a way to set a float for the single step of a pyqt5 scrollbar?. I'm trying to use a scroll bar in a pyqt5 gui. I need it to increment by 0.01 (Total length should be around 390) for a single click on the arrow but it seems like the setSingleStep only takes integers. Is there a way to make a single step 0.01? ,"You can use auto-numbering and named fields, as in the second example above. ( contributed by eric smith ; bpo - 5237. ) complex numbers now correctly support usage with format ( ), and default to being right - aligned. specifying a precision or comma - separation applies to both the real and imaginary parts of the number, but a specified field width and alignment is applied to the whole of the resulting 1. 5 + 3j output. ( contributed by eric smith ; bpo -",PIPELINE T,q_id_titles_answers_t5_fixed.csv,False,5,1,1,no,0,0,1
2022-08-16 13:31:58,Sergey Kovalchuk,Left,"""""""get a list from a list `lst` with values mapped into a dictionary `dct`""""""","

import re

from collections import defaultdict

from. import _base
from. import _base_dict
from. import _base_list
from. import _base_list_dict
from. import _base_list_list
from. import _base_list_list_dict
from. import _base_list_list_dict_dict
from. import _base_list_list_dict_list
from. import _base_list_list_dict_list_dict
from. import _base_list_list_dict_list_dict_list",T2C GPTNEO VANILLA,pred_test_gptneo.csv,False,1,1,1,no,0,1,0
2022-08-16 13:31:58,Sergey Kovalchuk,Right,"""""""get a list from a list `lst` with values mapped into a dictionary `dct`""""""","
     return {k: v for k, v in zip(lst, dct)}",T2C CODEGEN VANILLA,pred_test_codegen.csv,True,5,5,4,yes,0,1,0
2022-08-16 13:32:20,Sergey Kovalchuk,Left,"""""""split a list in first column  into multiple columns keeping other columns as well in pandas data frame""""""","

import pandas as pd
import numpy as np

",T2C GPTNEO VANILLA,pred_test_gptneo.csv,False,5,2,1,no,0,1,0
2022-08-16 13:32:20,Sergey Kovalchuk,Right,"""""""split a list in first column  into multiple columns keeping other columns as well in pandas data frame""""""","

import pandas as pd
import numpy as np
import os
import sys
import argparse
import re
import glob
import shutil
import csv
import time

",T2C CODEGEN VANILLA,pred_test_codegen.csv,True,5,2,1,no,0,1,0
2022-08-16 13:32:55,Sergey Kovalchuk,Left,"Method of opening .py scripts without packages installed? (pip). Essentially want to send a script to my friend to go over. He has python installed on his computer, but doesn't specifically have 'pyinputplus' - a key component of the program. Is there a way that I can send this script to him without him installing pyinputplus? Or whether I can effectively insert 'pip install pyinputplus' into the code and have it execute when he runs it? I had also considered making the script an executable, but didn't think that would help. Relatively new to this, so apologies for my naivety. Thanks. ","' 'directory ” will have precedence over the one next to the executable, so a user, who may not have write access to the. ini file next to the launcher, can override commands in that global. ini file.",PIPELINE T+B,q_id_titles-body_answers_t5_fixed.csv,False,4,2,1,no,0,0,1
2022-08-16 13:32:55,Sergey Kovalchuk,Right,"Method of opening .py scripts without packages installed? (pip). Essentially want to send a script to my friend to go over. He has python installed on his computer, but doesn't specifically have 'pyinputplus' - a key component of the program. Is there a way that I can send this script to him without him installing pyinputplus? Or whether I can effectively insert 'pip install pyinputplus' into the code and have it execute when he runs it? I had also considered making the script an executable, but didn't think that would help. Relatively new to this, so apologies for my naivety. Thanks. ","The python launcher for windows is a utility which aids in locating and executing of different python versions. it allows scripts ( or the command - line ) to indicate a preference for a specific python version, and will locate and execute that version. unlike the path variable, the launcher will correctly select the most appropriate version of python. it will prefer per - user installations over system - wide ones, and orders by language version.",PIPELINE T+B,q_id_titles-body_answers_t5_fixed.csv,False,5,4,3,modified,0,0,1
2022-08-16 13:34:05,Sergey Kovalchuk,Left,"Why is 5D in hex represented as bytearray(b']')?. For example if you represent 5D in a bytearray you get bytearray(b']'), but I don't understand why. Is it because of ASCII and if so, how is Python handling all the ASCII Characters? ","' 'a number : > > > oct ( 42 )'052'> > > future _ builtins. oct ( 42 )'0o52'> > > bin ( 173 )'0b10101101'the int ( ) and long ( ) builtins will now accept the “ 0o ” and “ 0b ” prefixes when base - 8 or base - 2 are requested, or when the base argument is zero ( signalling that the base used should be determined from",PIPELINE T+B,q_id_titles-body_answers_t5_fixed.csv,False,4,2,1,no,0,0,1
2022-08-16 13:34:05,Sergey Kovalchuk,Right,"Why is 5D in hex represented as bytearray(b']')?. For example if you represent 5D in a bytearray you get bytearray(b']'), but I don't understand why. Is it because of ASCII and if so, how is Python handling all the ASCII Characters? ",The mutable type is based on collections. The mutable api is based on collections.collections.collections.collections.collections.collections.collections.collections.collections.collections.collections.collections.collections.collections.collections.collections.collections.collections.collections.collections.collections.collections.collections.collections.collections.collections.collections.collections.collections.collections.collections.collections.collections.collections.collections.collect,PIPELINE T,q_id_titles_answers_t5_fixed.csv,False,3,2,1,no,0,0,1
2022-08-16 13:35:47,Sergey Kovalchuk,Left,Build Flask App that fetch data from postgres database without page reload. I have a flask web app that shows data from sqlalchemy to the user. I want the app to fetch any new data when it is added to the database automatically without further ado from the client-side (something like news feeds). How do I achieve that. I know that I should use socket.io but don't know-how. All examples in google are about chat app. It would be very helpful if somebody could give me the roadmap to do it. The front end in js and the backend is in flask python. any help will be appreciated! Thanks ,' '. contextmanager. patch by siddharth velankar. bpo - 26187 : test that sqlite3 trace callback is not called multiple times when schema is changing. indirectly fixed by switching to use sqlite3 _ prepare _ v2 ( ) in bpo - 9303. patch by aviv palivoda. bpo - 30017 : allowed calling the close ( ) method of the zip entry writer object multiple times. writing to a closed writer now always produces.,PIPELINE T,q_id_titles_answers_t5_fixed.csv,False,2,1,1,no,0,0,1
2022-08-16 13:35:47,Sergey Kovalchuk,Right,Build Flask App that fetch data from postgres database without page reload. I have a flask web app that shows data from sqlalchemy to the user. I want the app to fetch any new data when it is added to the database automatically without further ado from the client-side (something like news feeds). How do I achieve that. I know that I should use socket.io but don't know-how. All examples in google are about chat app. It would be very helpful if somebody could give me the roadmap to do it. The front end in js and the backend is in flask python. any help will be appreciated! Thanks ,"uwsgi and gunicorn have a built-in function that can be used to handle client requests. If you want to use a file - based handler, you can use the uwsgi module to do the work for you: https://docs.python.org/3/library/uwsgi.html#uwsgi.executor",PIPELINE T+B,q_id_titles-body_answers_t5_fixed.csv,False,5,4,4,yes,0,0,1
2022-08-16 13:36:47,Sergey Kovalchuk,Left,"How to save the moving graphs in the jupyter notebook into the pdf?. I have tried saving the notebook which has moving graphs in form of pdf but the pdf doesn't show any moving graphs, is it possible to save the moving graphs in form of pdf? ","''in simulated shells, such as those presented by idle and other development environments. This is described in pep 264. ( contributed by michael hudson.) The new license introduced with python 1. 6 wasn ’ t gpl - compatible. this is fixed by some minor textual changes to the 2. 2 license, so it ’ s now legal to embed python inside a gpled program again. Note that python itself is not gpled, but instead is",PIPELINE T+B,q_id_titles-body_answers_t5_fixed.csv,False,4,1,1,no,0,0,1
2022-08-16 13:36:47,Sergey Kovalchuk,Right,"How to save the moving graphs in the jupyter notebook into the pdf?. I have tried saving the notebook which has moving graphs in form of pdf but the pdf doesn't show any moving graphs, is it possible to save the moving graphs in form of pdf? ","

You can save the notebook as a pdf by using the save as pdf button in the notebook.

You can also save the notebook as a pdf by using the save as pdf button in the notebook.

You can also save the notebook as a pdf by using the save as pdf button in the notebook.

You can also save the notebook as a pdf by using the save as pdf button in the notebook.

You can also save the notebook as a pdf by using the save as pdf button in the notebook.

You can also save the notebook as a pdf by using the save as pdf button in",T2T GPTNEO VANILLA,T2T_vanilla_predict.csv,False,4,2,1,no,0,1,0
2022-08-16 13:38:05,Sergey Kovalchuk,Left,"How to stop a thread and restart it - python. How can I stop a thread from running and then restart it when called, havent been able to get a solid answer on this. Thanks in advance. ","' '##ask ( 2 ) and pthread _ sigmask ( 3 ) for further information. see also pause ( ), sigpending ( ) and sigwait ( ). new in version 3. 3. signal. setitimer ( which, seconds, interval = 0. 0 ) sets given interval timer ( one of signal. itimer _ real, signal. itimer _ virtual or signal. itimer _ prof ) specified by which to fire after seconds (",PIPELINE T+B,q_id_titles-body_answers_t5_fixed.csv,False,3,3,2,no,0,0,1
2022-08-16 13:38:05,Sergey Kovalchuk,Right,"How to stop a thread and restart it - python. How can I stop a thread from running and then restart it when called, havent been able to get a solid answer on this. Thanks in advance. ","' '##le ( ) no longer computes the repr of unknown objects to display in an error message, to protect against badly behaved custom reprs. bpo - 30768 : fix the pthread + semaphore implementation of pythread _ acquire _ lock _ timed ( ) when called with timeout > 0 and intr _ flag = 0 : recompute the timeout if sem _ timedwait ( ) is interrupted by a signal ( eintr",PIPELINE T,q_id_titles_answers_t5_fixed.csv,False,3,3,2,no,0,0,1
2022-08-16 13:39:05,Sergey Kovalchuk,Left,"How can I change my default Python version, that if I type python in the terminal python 3 gets executed?. Can somebody help me? I tried to change my python version with the alias but I got a permission denied. What can I do? I'm on a mac. ","
  I tried to change my python version with the alias but I got a permission denied. What can I do?",T2T GPTNEO FINETUNED,T2T_trained_YES_CLEAN_YES_NL_predict.csv,False,5,1,1,no,1,0,0
2022-08-16 13:39:05,Sergey Kovalchuk,Right,"How can I change my default Python version, that if I type python in the terminal python 3 gets executed?. Can somebody help me? I tried to change my python version with the alias but I got a permission denied. What can I do? I'm on a mac. ","sys. exec _ prefix'/ usr' is a placeholder for the version of python, for example 3. 2 ; abiflags will be replaced by the value of sys. abiflags or the empty string for platforms which don ’ t define abi flags ; dist. sys. exec _ prefix'/ usr'",PIPELINE T+B,q_id_titles-body_answers_t5_fixed.csv,False,4,3,2,no,0,0,1
2022-08-16 13:40:44,Sergey Kovalchuk,Left,"Getting connected partitions using METIS. I am using Metis on Python to partition a networkx graph I have. My objective is to get partitions that have an almost equal sum of node weights, which Metis does perfectly. However, a constraint I want to respect is that nodes in the same partition should be connected (have edges in common), which Metis doesn't do. Is there a way or a parameter to ensure that? ","if the separator isn't found, the first element of the string is the first element of the string. if the separator isn't found, the first element of the string is the first element of the string. if the separator isn't found, the first element of the string is the first element of the string. if the separator isn't found, the first element of the string is the first element of the string. if the separator isn't found, the first element of the string",PIPELINE T+B,q_id_titles-body_answers_t5_fixed.csv,False,4,1,1,no,0,0,1
2022-08-16 13:40:44,Sergey Kovalchuk,Right,"Getting connected partitions using METIS. I am using Metis on Python to partition a networkx graph I have. My objective is to get partitions that have an almost equal sum of node weights, which Metis does perfectly. However, a constraint I want to respect is that nodes in the same partition should be connected (have edges in common), which Metis doesn't do. Is there a way or a parameter to ensure that? ","' '( ), sub ( ), mul ( ), floordiv ( ), abs ( ),... logical operations : not _ ( ), truth ( ). bitwise operations : and _ ( ), or _ ( ), invert ( ). comparisons : eq ( ), ne ( ), lt ( ), le ( ), gt ( ), and ge ( ). object identity : is _ ( ), is _ not ( ).",PIPELINE T+B,q_id_titles-body_answers_t5_fixed.csv,False,2,1,1,no,0,0,1
2022-08-16 13:42:30,Sergey Kovalchuk,Left,Is there a way to not have to specify the user when connecting with psycogp2?. So just passing in the host and db name and not having to specify the user like: host=blabla.co port=7000 dbname=ff_db instead of: host=blabla.co port=7000 dbname=ff_db user=some_user The .pgpass file already has the user specified so I feel passing this in is redundant. ,"
Yes, you can use the pgpass file to specify the user. 
You can use the pgpass file to specify the user, but you can't use the pgpass file to specify the host. 
You can use the pgpass file to specify the host, but you can't use the pgpass file to specify the dbname. 
You can use the pgpass file to specify the dbname, but you can't use the pgpass file to specify the user. 
You can use the pgpass file to specify the user, but you can't use the pgpass file to specify the host",T2T GPTNEO VANILLA,T2T_vanilla_predict.csv,False,3,3,2,no,0,1,0
2022-08-16 13:42:30,Sergey Kovalchuk,Right,Is there a way to not have to specify the user when connecting with psycogp2?. So just passing in the host and db name and not having to specify the user like: host=blabla.co port=7000 dbname=ff_db instead of: host=blabla.co port=7000 dbname=ff_db user=some_user The .pgpass file already has the user specified so I feel passing this in is redundant. ,"imap4. uid ( command, arg [,... ] )  execute command args with messages identified by uid, rather than message number. returns response appropriate to command. at least one argument must be supplied ; if none are provided, the server will return an error and an exception will be raised. imap4. unsubscribe ( mailbox )  unsubscribe from old mailbox.",PIPELINE T+B,q_id_titles-body_answers_t5_fixed.csv,False,3,1,1,no,0,0,1
2022-08-16 13:43:39,Sergey Kovalchuk,Left,"""""""create a list containing each two adjacent letters in string `word` as its elements""""""","
     return [word[i:i+2] for i in range(len(word)-1)]

",T2C CODEGEN VANILLA,pred_test_codegen.csv,True,5,5,4,yes,0,1,0
2022-08-16 13:43:39,Sergey Kovalchuk,Right,"""""""Get a list of pairs from a string `word` using lambda function""""""","

import re

from.. import util
from.. import util.compat
from.. import util.compat.string_types
from.. import util.compat.string_types.string_types
from.. import util.compat.string_types.string_types_base
from.. import util.compat.string_types.string_types_base.string_types
from.. import util.compat.string_types.string_types_base.string_types_base
from.. import util.compat.string_types.string_types_base",T2C GPTNEO VANILLA,pred_test_gptneo.csv,False,1,1,1,no,0,1,0
2022-08-16 13:44:27,Sergey Kovalchuk,Left,"How to Use ""Pythonic"" YOLOv5 from PyTorch. I'm interested in training a YOLOv5 model. Currently, I'm using Roboflow to annotate and export the data into YOLOv5 format. I'm also using Roboflow's Colab Notebook for YOLOv5. However, I'm not familiar with many of the commands used in the Roboflow Colab Notebook. I found on here that there appears to be a much more Pythonic way of using and manipulating the YOLOv5 model, which I would be much more familiar with. My questions regarding this are as follows:  Is there an online resource that can show me how to train the YOLOv5 and extract results after importing the model from PyTorch with the Pythonic version (perhaps a snippet of code right here on StackOverflow would help)? The official documentation that I could find (here) also uses the non-Pythonic method for the model. Is there any important functionality I would lose if I were to switch to this Pythonic method of using YOLOv5? I found nothing in the documentation that suggests otherwise, but would I need to export my data in a different format from Roboflow for the data to be able to train the Pythonic model? Similar to question 1), is there anywhere that can guide me how to use the trained model on test images? Do I simply do prediction=model(my_image.jpg)? What if I want predictions on multiple images at once?  Any guidance would be appreciated. Thanks! ","' 'documentation strings. the first line should always be a short, concise summary of the object ’ s purpose. for brevity, it should not explicitly state the object ’ s name or type, since these are available by other means ( except if the name happens to be a verb describing a function ’ s operation ). this line should begin with a capital letter and end with a period. if there are more lines in the documentation string, the second line should be blank, visually separating the summary.",PIPELINE T+B,q_id_titles-body_answers_t5_fixed.csv,False,5,1,1,no,0,0,1
2022-08-16 13:44:27,Sergey Kovalchuk,Right,"How to Use ""Pythonic"" YOLOv5 from PyTorch. I'm interested in training a YOLOv5 model. Currently, I'm using Roboflow to annotate and export the data into YOLOv5 format. I'm also using Roboflow's Colab Notebook for YOLOv5. However, I'm not familiar with many of the commands used in the Roboflow Colab Notebook. I found on here that there appears to be a much more Pythonic way of using and manipulating the YOLOv5 model, which I would be much more familiar with. My questions regarding this are as follows:  Is there an online resource that can show me how to train the YOLOv5 and extract results after importing the model from PyTorch with the Pythonic version (perhaps a snippet of code right here on StackOverflow would help)? The official documentation that I could find (here) also uses the non-Pythonic method for the model. Is there any important functionality I would lose if I were to switch to this Pythonic method of using YOLOv5? I found nothing in the documentation that suggests otherwise, but would I need to export my data in a different format from Roboflow for the data to be able to train the Pythonic model? Similar to question 1), is there anywhere that can guide me how to use the trained model on test images? Do I simply do prediction=model(my_image.jpg)? What if I want predictions on multiple images at once?  Any guidance would be appreciated. Thanks! ","
  Is there an online resource that can show me how to train the YOLOv5 and extract results after importing the model from PyTorch with the Pythonic version (perhaps a snippet of code right here on StackOverflow would help)?",T2T GPTNEO FINETUNED,T2T_trained_YES_CLEAN_YES_NL_predict.csv,False,5,2,1,no,1,0,0
2022-08-16 13:46:19,Sergey Kovalchuk,Left,"Generating uniform random numbers between two large integers in fortran90/95 or Python. I want to generate some uniform random numbers between [2E16, 5E20] in fortran90/95 or Python. I know that if R is a random number between zero and one (0R1), we can transform R to [A, B] as: R = (b-a)*r + a. But when I use this algorithm to generate some random numbers between [2E16, 5E20], most of generated random numbers are very close to 5E20. I know why this is occurred, it is because of that, the term B-A is approximately equal to B (because B is so bigger than A), and most of the generated random numbers are placed within the magnitude of B or B/10 (I mean it was very close to B). How can I solve this problem? One solution that I tried to apply is that, I split the [2E16, 5E20] interval into smaller intervals, such as: [2e16, 2e17], [2e17, 2e18], [2e18, 2e19], [2e19, 2e20], [2e20, 5e20]. And I generated some random numbers between each of the above intervals. Is there any other solutions? Is my solution correct? ","The random module now uses a new algorithm, the mersenne twister, implemented in c. it ’ s faster and more extensively studied than the previous algorithm. ( all changes contributed by raymond hettinger) the random module now uses a new algorithm, the mersenne twister, implemented in c. it ’ s faster and more extensively studied than the previous algorithm.",PIPELINE T,q_id_titles_answers_t5_fixed.csv,False,5,1,1,no,0,0,1
2022-08-16 13:46:19,Sergey Kovalchuk,Right,"Generating uniform random numbers between two large integers in fortran90/95 or Python. I want to generate some uniform random numbers between [2E16, 5E20] in fortran90/95 or Python. I know that if R is a random number between zero and one (0R1), we can transform R to [A, B] as: R = (b-a)*r + a. But when I use this algorithm to generate some random numbers between [2E16, 5E20], most of generated random numbers are very close to 5E20. I know why this is occurred, it is because of that, the term B-A is approximately equal to B (because B is so bigger than A), and most of the generated random numbers are placed within the magnitude of B or B/10 (I mean it was very close to B). How can I solve this problem? One solution that I tried to apply is that, I split the [2E16, 5E20] interval into smaller intervals, such as: [2e16, 2e17], [2e17, 2e18], [2e18, 2e19], [2e19, 2e20], [2e20, 5e20]. And I generated some random numbers between each of the above intervals. Is there any other solutions? Is my solution correct? ","
  I know why this is occurred, it is because of that, the term B-A is approximately equal to B (because B is so bigger than A), and most of the generated random numbers are placed within the magnitude of B or B/10 (I mean it was very close to B). How can I solve this problem?",T2T GPTNEO FINETUNED,T2T_trained_YES_CLEAN_YES_NL_predict.csv,False,5,4,2,no,1,0,0
2022-08-16 13:47:06,Sergey Kovalchuk,Left,"How can I classify a dataset after one-hot encoding the target class?. I want to Classify a dataset with kernel machine. The Target-Class has 5 different values and I want to one-hot encoding it. After that I have 5 Target-Columns. I do the Training 5 times, one time per Target-Column. Now I want to classify a new sample. I classify the Sample 5 times using the 5 Trainig-model I got. At the end I look which Prediction has the maximum value over the 5 predictions and then I classify the sample according to the Class with the maximum prediction. I am not sure that I am doing the right thing. How can I do that in the right way? ",' '( self ) :... return list ( self. keylist )...,PIPELINE T,q_id_titles_answers_t5_fixed.csv,False,2,1,1,no,0,0,1
2022-08-16 13:47:06,Sergey Kovalchuk,Right,"How can I classify a dataset after one-hot encoding the target class?. I want to Classify a dataset with kernel machine. The Target-Class has 5 different values and I want to one-hot encoding it. After that I have 5 Target-Columns. I do the Training 5 times, one time per Target-Column. Now I want to classify a new sample. I classify the Sample 5 times using the 5 Trainig-model I got. At the end I look which Prediction has the maximum value over the 5 predictions and then I classify the sample according to the Class with the maximum prediction. I am not sure that I am doing the right thing. How can I do that in the right way? ","

You can use the following code to do that:

",T2T GPTNEO VANILLA,T2T_vanilla_predict.csv,False,2,1,1,no,0,1,0
2022-08-16 15:09:10,Anonymous,Left,"PyCharm Code Completion for files outside project directory. my python application imports other python packages in other locations on the filesystem dynamically at runtime. It then calls certain functions in these packages and supplies data objects from the main application. The issue is that coding these external packages there is no code completion in regard to the main apps code. Because these data objects are only supplied at runtime, as are their classes (which are already imported by then main app when calling the package) the package itself cannot reference them in any way (circular import). Since the package doesnt know about the objects up until it's running, Code Completion can't suggest any methods of these objects for example either. Is there any way for me to provide PyCharms Code Completion with a reference to the main application, so it can autocomplete my code? By this I mean suggestions for objects of the classes of my main app, autocomplete for native python packages works fine of course. The packages are imported by dynamically adding their path to the path variable, I tried to also add them to the interpreter path, however this did not work. ","' 'is being used as part of the build process for python. This changes a lot of relative locations for files, allowing them to be located in the build area rather than in an installed python.''is being used as part of the build process for python. This changes a lot of relative locations for files, allowing them to be located in the build area rather than in an installed python.",PIPELINE T,q_id_titles_answers_t5_fixed.csv,False,4,3,4,yes,0,0,1
2022-08-16 15:09:10,Anonymous,Right,"PyCharm Code Completion for files outside project directory. my python application imports other python packages in other locations on the filesystem dynamically at runtime. It then calls certain functions in these packages and supplies data objects from the main application. The issue is that coding these external packages there is no code completion in regard to the main apps code. Because these data objects are only supplied at runtime, as are their classes (which are already imported by then main app when calling the package) the package itself cannot reference them in any way (circular import). Since the package doesnt know about the objects up until it's running, Code Completion can't suggest any methods of these objects for example either. Is there any way for me to provide PyCharms Code Completion with a reference to the main application, so it can autocomplete my code? By this I mean suggestions for objects of the classes of my main app, autocomplete for native python packages works fine of course. The packages are imported by dynamically adding their path to the path variable, I tried to also add them to the interpreter path, however this did not work. ",' '3. 9 : use bdist _ wheel ( wheel packages ) instead. builds a windows installer (. msi ) binary package. 9. 30. distutils. command. bdist _ rpm — build a binary distribution as a redhat rpm and srpm  9. 31. distutils. command. sdist — build a source distribution  9. 32. distutils. command. build — build all files of a package  9. 32,PIPELINE T,q_id_titles_answers_t5_fixed.csv,False,3,1,1,no,0,0,1
2022-08-16 15:13:13,Anonymous,Left,"How to automate the process of running an excel model, 100,000 times, with different inputs in Python?. So I have a complex financial model on excel for a given set of input. Now I want to run the same model on 100,000 other sets of input and save it. Is there any libraries I should look into? I just have to change the inputs. Any guidance will be appreciated. TIA! ",' '( ) method on complex objects. ( removed by meador inge and mark dickinson ; bpo - 5211. ) the str. format ( ) method now supports automatic numbering of the replacement fields. This makes using str. format ( ) more closely resemble using % s formatting.,PIPELINE T,q_id_titles_answers_t5_fixed.csv,False,3,1,4,yes,0,0,1
2022-08-16 15:13:13,Anonymous,Right,"How to automate the process of running an excel model, 100,000 times, with different inputs in Python?. So I have a complex financial model on excel for a given set of input. Now I want to run the same model on 100,000 other sets of input and save it. Is there any libraries I should look into? I just have to change the inputs. Any guidance will be appreciated. TIA! ","You can use auto-numbering and named fields, as in the second example above. ( contributed by eric smith ; bpo - 5237. ) complex numbers now correctly support usage with format ( ), and default to being right - aligned. specifying a precision or comma - separation applies to both the real and imaginary parts of the number, but a specified field width and alignment is applied to the whole of the resulting 1. 5 + 3j output. ( contributed by eric smith ; bpo -",PIPELINE T,q_id_titles_answers_t5_fixed.csv,False,4,1,4,yes,0,0,1
2022-08-16 15:29:36,Anonymous,Left,"Deleting Excess Rows in Python with Pandas. I have a python script that restructures our organization's data into a different shape using python's pylightxl. But this script only works with excel files with less than 5000 rows of data, which is the standard format. But some files go up to 65000 rows, with unnecessary data after the 5000 index. What i want is to delete the excess rows after 5000th index. Pylightxl cannot do this. Only pandas can, I've scoured the internet on deleting rows using pandas but the answers I've found so far havenot benefitted me. The question is how can i delete excess rows using python pandas (the limit of which we may not know, it can go up to 200000), but the cut-off index is 5000 rows. If you know another python way other than pandas, do answer as well. ",' '. See also pep 342 - coroutines via enhanced generatorspep written by guido van rossum and phillip j. eby ; implemented by phillip j. eby. includes examples of some fancier uses of generators as coroutines.,PIPELINE T+B,q_id_titles-body_answers_t5_fixed.csv,False,3,1,2,no,0,0,1
2022-08-16 15:29:36,Anonymous,Right,"Deleting Excess Rows in Python with Pandas. I have a python script that restructures our organization's data into a different shape using python's pylightxl. But this script only works with excel files with less than 5000 rows of data, which is the standard format. But some files go up to 65000 rows, with unnecessary data after the 5000 index. What i want is to delete the excess rows after 5000th index. Pylightxl cannot do this. Only pandas can, I've scoured the internet on deleting rows using pandas but the answers I've found so far havenot benefitted me. The question is how can i delete excess rows using python pandas (the limit of which we may not know, it can go up to 200000), but the cut-off index is 5000 rows. If you know another python way other than pandas, do answer as well. ","
import pandas as pd
import numpy as np

df = pd.read_excel('C:\\Users\\user\\Desktop\\test.xlsx')

df.columns = ['col1', 'col2', 'col3', 'col4', 'col5', 'col6', 'col7', 'col8', 'col9', 'col10', 'col11', 'col12', 'col13', 'col14', 'col15', 'col16', 'col17', 'col18', 'col19', 'col20', '",T2T GPTNEO VANILLA,T2T_vanilla_predict.csv,False,4,1,4,yes,0,1,0
2022-08-16 15:32:25,Anonymous,Left,"Running a tester file in the VSC terminal - ModuleNotFoundError. I have made a tester file to check my other files are implementing correctly, however I can only get an output by clicking run on the file  (top right green arrow). When I type 'python Test.py' in the terminal I get :  Fatal Python error: initsite: Failed to import the site module ModuleNotFoundError: No module named 'site' Current thread 0x0000000102c0ce00 (most recent call first):  I assume this is an environment issue for my terminal? I am in the correct folder (one above Test.py). Any ideas how I can change this? Thanks! ","
  I assume this is an environment issue for my terminal?",T2T GPTNEO FINETUNED,T2T_trained_YES_CLEAN_YES_NL_predict.csv,False,3,1,1,no,1,0,0
2022-08-16 15:32:25,Anonymous,Right,"Running a tester file in the VSC terminal - ModuleNotFoundError. I have made a tester file to check my other files are implementing correctly, however I can only get an output by clicking run on the file  (top right green arrow). When I type 'python Test.py' in the terminal I get :  Fatal Python error: initsite: Failed to import the site module ModuleNotFoundError: No module named 'site' Current thread 0x0000000102c0ce00 (most recent call first):  I assume this is an environment issue for my terminal? I am in the correct folder (one above Test.py). Any ideas how I can change this? Thanks! ","if you create a python directory, you can use the''===' '===' linux'if you don't need to support older python versions. bpo - 13847, bpo - 14180 : time and datetime : overflowerror is now raised instead of valueerror if a timestamp is out of range. oserror is now raised if c functions gmtime ( ) or localtime ( ) failed",PIPELINE T+B,q_id_titles-body_answers_t5_fixed.csv,False,2,1,1,no,0,0,1
2022-08-16 15:37:43,Anonymous,Left,"Raspberry PI - Python Network NAME. I've made a small info / kiosk system where a user can scan a QR code on the screen to connect with the raspberry pi. On the screen (next to the QR code) I want to put the name of the network (because you have to be on the same network to have the interaction). How can I print the name of the network (wifi or cable) on the screen, the IP address is not the issue, neither the hostname. I am just struggling with the name of the network where the Pi is connected too.. Thanks ","' '. ip _ address ( ) factory function, which automatically determines whether to create an ipv4 or ipv6 address based on the passed in value: &gt;&gt;&gt; ipaddress. ip _ address ('192. 0. 2. 1') &gt;&gt;&gt; ipaddress. ip _ address ('192. 0. 2. 1') &gt;&gt;&gt; ipad",PIPELINE T+B,q_id_titles-body_answers_t5_fixed.csv,False,4,1,3,modified,0,0,1
2022-08-16 15:37:43,Anonymous,Right,"Raspberry PI - Python Network NAME. I've made a small info / kiosk system where a user can scan a QR code on the screen to connect with the raspberry pi. On the screen (next to the QR code) I want to put the name of the network (because you have to be on the same network to have the interaction). How can I print the name of the network (wifi or cable) on the screen, the IP address is not the issue, neither the hostname. I am just struggling with the name of the network where the Pi is connected too.. Thanks ","ipaddress is a module for inspecting and manipulating ip addresses, the first thing you'll see is a list of ip addresses. This list is a list of ip addresses, and the first thing you'll see is a list of ip addresses. The first thing you'll see is a list of ip addresses. The first thing you'll see is a list of ip addresses. The first thing you'll see is a list of ip addresses.",PIPELINE T+B,q_id_titles-body_answers_t5_fixed.csv,False,3,1,3,modified,0,0,1
2022-08-16 15:38:29,Anonymous,Left,"""""""parse tab-delimited CSV file 'text.txt' into a list""""""","

import csv
import sys
import os
import re
import cStringIO
import io
import json
import itertools
import string
import itertools as it
import operator
import collections
import itertools as it
import operator.itemgetter
import operator.nested as op
import operator.nested.function as op
import operator.nested.function as opn
import operator.nested.function as opn
import operator.nested.function as opn
import operator.nested.function as opn
import operator.nested",T2C GPTNEO VANILLA,pred_test_gptneo.csv,False,4,1,3,modified,0,1,0
2022-08-16 15:38:29,Anonymous,Right,"""""""parse tab-delimited CSV file 'text.txt' into a list""""""","

import csv
import sys

",T2C CODEGEN VANILLA,pred_test_codegen.csv,True,5,2,4,yes,0,1,0
2022-08-16 15:39:59,Anonymous,Left,"""""""print a list `l` and move first 3 elements to the end of the list""""""","
print(l[3:])
l[3:] = l[:3]
",T2C CODEGEN FINETUNED,pred_test_conala.csv,True,5,1,3,modified,1,0,0
2022-08-16 15:39:59,Anonymous,Right,"""""""print a list `l` and move first 3 elements to the end of the list""""""","
     print(l)
     l.extend(l[:3])
     print(l)",T2C CODEGEN VANILLA,pred_test_codegen.csv,True,5,4,5,yes,0,1,0
2022-08-16 15:45:18,Anonymous,Left,"""""""Python split a string using regex""""""","
re.split('\\W+', 'This is a string with words')

",T2C CODEGEN FINETUNED,pred_test_conala.csv,True,5,5,5,yes,1,0,0
2022-08-16 15:45:18,Anonymous,Right,"""""""Python split a string using regex""""""","

import re

from collections import defaultdict

from. import _base
from. import _base_types
from. import _base_string_types
from. import _base_string_util
from. import _base_string_util_base
from. import _base_string_util_base_types
from. import _base_string_util_base_types
from. import _base_string_util_base_types_base
from. import _base_string_util_base_types_base
from. import _base_string_util",T2C GPTNEO VANILLA,pred_test_gptneo.csv,False,1,1,1,no,0,1,0
2022-08-16 15:46:45,Artem,Left,"Is there any function in which .wav file will generate. I am stuck on the .wav file extension, I used gtts method to convert text into the speech and save the file and it is working perfectly but the problem is gtts only support the .mp3 extension but I need the output file with .wav extension. So I am question is, if any function like gtts to convert text into speech and save the file with .wav extension? or anyone who already done work on this module. Please share your opinion. Thanks ","' '##s = audioop. findmax ( outputdata, 800 ) # one tenth second out _ test = outputdata [ pos * 2 : ] in _ test = inputdata [ pos * 2 : ] ipos, factor = audioop. findfit ( in _ test, out _ test ) # optional ( for better cancellation ) : # factor = audioop. findfactor ( in _ test [ ipos * 2 : ipos * 2 + len (",PIPELINE T,q_id_titles_answers_t5_fixed.csv,False,1,1,1,no,0,0,1
2022-08-16 15:46:45,Artem,Right,"Is there any function in which .wav file will generate. I am stuck on the .wav file extension, I used gtts method to convert text into the speech and save the file and it is working perfectly but the problem is gtts only support the .mp3 extension but I need the output file with .wav extension. So I am question is, if any function like gtts to convert text into speech and save the file with .wav extension? or anyone who already done work on this module. Please share your opinion. Thanks ","' 'tell ( ) and wave _ read. setpos ( ) methods. wave _ write. writeframesraw ( data )  write audio frames, without correcting nframes. changed in version 3. 4 : any bytes - like object is now accepted. it will raise an error if the output stream is not seekable and the total number of frames that have been written.",PIPELINE T,q_id_titles_answers_t5_fixed.csv,False,1,1,1,no,0,0,1
2022-08-16 15:48:01,Anonymous,Left,"Is there a torchsummary equivalent in Tensorflow?. I am using GPU to run some very large deep learning models on a dataset of size 55GB. If I use a batch size greater than 1, I get a resource exhausted error. Even with a batch size of 1, I get segmentation faults. GPU memory is 10GB and Server has 32GB of RAM. Is there a way that I could know how large the data (batch size of 1) will occupy in the GPU? I am using tf.Keras to fit models. Is there a torchsummary equivalent in TensorFlow? ","python's api has many different types of APIs.''- sized arenas, but never freed arenas. with this patch, python will free arenas when they ’ re empty. The net effect is that on some platforms, when you allocate many objects, python ’ s memory usage may actually drop when you delete them and the memory may be returned to the operating system. ( implemented by evan jones, and reworked by tim peters. ) Note that",PIPELINE T+B,q_id_titles-body_answers_t5_fixed.csv,False,2,1,1,no,0,0,1
2022-08-16 15:48:01,Anonymous,Right,"Is there a torchsummary equivalent in Tensorflow?. I am using GPU to run some very large deep learning models on a dataset of size 55GB. If I use a batch size greater than 1, I get a resource exhausted error. Even with a batch size of 1, I get segmentation faults. GPU memory is 10GB and Server has 32GB of RAM. Is there a way that I could know how large the data (batch size of 1) will occupy in the GPU? I am using tf.Keras to fit models. Is there a torchsummary equivalent in TensorFlow? ","' 'implemented by (in alphabetical order ) brett cannon, nick coghlan, grant edwards, john ehresman, kurt kaiser, neal norwitz, tim peters, armin rigo, and neil schemenauer, plus the participants in a number of ast sprints at conferences such as pycon. evan jones''s patch to obmalloc, first described in a talk at",PIPELINE T+B,q_id_titles-body_answers_t5_fixed.csv,False,1,1,1,no,0,0,1
2022-08-16 15:48:33,Artem,Left,"i want to compile .py to .exe. i want to compile .py to .exe. But when i do so the exe files is too big. Is there a solution?? i want the exe to be a smaller i know that  python was not meant to be compiled, executables made from python are bound to be large , but the problem is i have learnt python like 3 years, and now i want to make apps/games for windows. i can't just install python on every device?? i want to make it small i learnt that there is something called executable-packing?? using tools like crinkler how can we do that with python with pyinstaller or cx_freeze ",ccompiler is a built-in class that can be used for all the compile / link steps in building a single project.,PIPELINE T,q_id_titles_answers_t5_fixed.csv,False,1,1,1,no,0,0,1
2022-08-16 15:48:33,Artem,Right,"i want to compile .py to .exe. i want to compile .py to .exe. But when i do so the exe files is too big. Is there a solution?? i want the exe to be a smaller i know that  python was not meant to be compiled, executables made from python are bound to be large , but the problem is i have learnt python like 3 years, and now i want to make apps/games for windows. i can't just install python on every device?? i want to make it small i learnt that there is something called executable-packing?? using tools like crinkler how can we do that with python with pyinstaller or cx_freeze ",ccompiler is a built-in module for distutils. You can use it as a ccompiler instance to create a single project. import distutils ccompiler = distutils.ccompiler(ccompiler) ccompiler = ccompiler(ccompiler) ccompiler = ccompiler(ccompiler),PIPELINE T+B,q_id_titles-body_answers_t5_fixed.csv,False,1,1,1,no,0,0,1
2022-08-16 15:49:13,Artem,Left,live updates of google trends api python. Hi I played with pytrends for few hours and wonder if there is a way to get live updates and not only historical value of specific keyword? I want to train model that use the google trends but what can I do if I don't have live data. Any websocket or something similar will be appreciated ,"' '5 > > > p. y = 0. 5 > > > print ( _ _ ('message with coordinates : (  point. x :. 2f,  point. y :. 2f  ) ',... point = p ) message with coordinates : ( 0. 50, 0. 50 ) > > > > from wherever import dollarmessage as _ _ > > print ( _ _ ('message with $ num $ what ',",PIPELINE T+B,q_id_titles-body_answers_t5_fixed.csv,False,1,1,1,no,0,0,1
2022-08-16 15:49:13,Artem,Right,live updates of google trends api python. Hi I played with pytrends for few hours and wonder if there is a way to get live updates and not only historical value of specific keyword? I want to train model that use the google trends but what can I do if I don't have live data. Any websocket or something similar will be appreciated ,"The os. stat _ float _ times ( ) function is deprecated. abc. abstractproperty has been deprecated, use property with abc. abstractmethod ( ) instead. abc. abstractclassmethod has been deprecated, use classmethod with abc. abstractmethod ( ) instead. abc. abstractstaticmethod has been deprecated, use staticmetamethod with abc. abstractmethod ( ) instead. abc. abstractstaticmethod has been deprecated, use staticmetamethod with ab",PIPELINE T,q_id_titles_answers_t5_fixed.csv,False,1,1,1,no,0,0,1
2022-08-16 15:50:12,Artem,Left,"""""""open a 'gnome' terminal from python script and run  'sudo apt-get update' command.""""""","
os.system('gnome')
os.system('sudo apt-get update')

",T2C CODEGEN FINETUNED,pred_test_conala.csv,True,4,3,3,modified,1,0,0
2022-08-16 15:50:12,Artem,Right,"""""""open a 'gnome' terminal from python script and run  'sudo apt-get update' command.""""""","

import os
import subprocess
import sys
import time

",T2C CODEGEN VANILLA,pred_test_codegen.csv,True,1,1,1,no,0,1,0
2022-08-16 15:51:05,Artem,Left,"Matplotlib plot function output differs from seaborn's lineplot. I want to plot a PDF function given data which follows a normal distribution. Mainly I followed this link. Now, if I am working on the data created like on that website (x=np.linspace()) and I plot it with either seaborn.lineplot() or matplotlib.pyplot.plot(), I get a normal curve as shown on the website linked above. But when I do this with my own data (which I believe is normal, but with a lot more data points) instead of initializing it with np.linspace I get a clear normal curve with seaborn's lineplot and a messy normal curve with matplotlib's plot function. I have tried to look for default arguments on both functions but couldn't find any (except estimator) which would cause this behavior. The estimator argument of Seaborn's lineplot was the only argument that looked like it could do something like this but setting it to None did not make any difference (and it kind of makes sense I think since the y value is always same for a specific x so averaging out will produce the same value). I used to think both functions are the same, but then why do they have different output? ",The _ _ wrapped _ _ attributes of the _ _ function are not inherited by the _ _ wrapped _ _ attributes. The _ _ wrapped _ _ attributes of the _ _ function are not inherited by the _ _ wrapped _ _ attributes of the _ _ wrapped _ _ functions. The _ _ wrapped _ _ attributes are not inherited by the _ _ wrapped _ _ attributes of the _ _ wrapped _ _,PIPELINE T+B,q_id_titles-body_answers_t5_fixed.csv,False,1,1,1,no,0,0,1
2022-08-16 15:51:05,Artem,Right,"Matplotlib plot function output differs from seaborn's lineplot. I want to plot a PDF function given data which follows a normal distribution. Mainly I followed this link. Now, if I am working on the data created like on that website (x=np.linspace()) and I plot it with either seaborn.lineplot() or matplotlib.pyplot.plot(), I get a normal curve as shown on the website linked above. But when I do this with my own data (which I believe is normal, but with a lot more data points) instead of initializing it with np.linspace I get a clear normal curve with seaborn's lineplot and a messy normal curve with matplotlib's plot function. I have tried to look for default arguments on both functions but couldn't find any (except estimator) which would cause this behavior. The estimator argument of Seaborn's lineplot was the only argument that looked like it could do something like this but setting it to None did not make any difference (and it kind of makes sense I think since the y value is always same for a specific x so averaging out will produce the same value). I used to think both functions are the same, but then why do they have different output? ",You can use tp _ init and tp _ _ init functions. Just name them _ _ new _ _ or _ _ init _ _ as appropriate.,PIPELINE T+B,q_id_titles-body_answers_t5_fixed.csv,False,1,1,1,no,0,0,1
2022-08-16 15:54:15,Artem,Left,"discord.py get user ""about me"" section. I was wondering if it was possible using discord.py to get the about me section of a given user. I did not find anything in the API documentation so I'm asking here to be sure. ","' 'the name of the parameters to not be available to the user. This is useful when parameter names have no real meaning, if you want to enforce the order of the arguments when the function is called or if you need to take some positional parameters and arbitrary keywords. use keyword - only when names have meaning and the function definition is more understandable by being explicit with names or you want to prevent users relying on the position of the argument being passed.",PIPELINE T+B,q_id_titles-body_answers_t5_fixed.csv,False,1,1,1,no,0,0,1
2022-08-16 15:54:15,Artem,Right,"discord.py get user ""about me"" section. I was wondering if it was possible using discord.py to get the about me section of a given user. I did not find anything in the API documentation so I'm asking here to be sure. ","You can combine multiple literals in a single literal. You can use''more literals : def http _ error ( status ) : match status : case 400 : return "" bad request "" case 404 : return "" not found "" case 418 : return "" i'm a teapot "" case _ : return "" something's wrong with the internet "" note the last block : the “ variable name ” _ acts as a wildcard and never fails to match. if no case matches, none of the branches is",PIPELINE T+B,q_id_titles-body_answers_t5_fixed.csv,False,1,1,1,no,0,0,1
2022-08-16 15:55:17,Artem,Left,"Get embed footer from reaction message. I want the person who used the command to be able to delete the result. I have put the user's ID in the footer of the embed, and my question is: how do I get that data from the message where the user reacted to. reaction.message.embed.footer doesn't work. I currently don't have code as I was trying to get that ID first. Thanks in advance! ",Asyncio. basetransport. get _ extra _ info ( ) now returns a safe to use socket object when ‘ socket ’ is passed to the name parameter. ( contributed by yury selivanov in bpo - 37027. ) the function asyncio. basetransport. get _ extra _ info ( ) now returns a safe to use socket object when ‘ socket ’ is passed to the name parameter. ( contributed by yury selivanov in bpo -,PIPELINE T,q_id_titles_answers_t5_fixed.csv,False,1,1,1,no,0,0,1
2022-08-16 15:55:17,Artem,Right,"Get embed footer from reaction message. I want the person who used the command to be able to delete the result. I have put the user's ID in the footer of the embed, and my question is: how do I get that data from the message where the user reacted to. reaction.message.embed.footer doesn't work. I currently don't have code as I was trying to get that ID first. Thanks in advance! ","' '( ), visit _ bytes ( ), visit _ nameconstant ( ) and visit _ ellipsis ( ) are depreated now and will not be called in future python versions. add the visit _ constant ( ) method to handle all constant nodes. ( contributed by serhiy storchaka in bpo - 36917. ) the asyncio. coroutine ( ) decorator is depreated and will be removed in version 3.",PIPELINE T,q_id_titles_answers_t5_fixed.csv,False,1,1,1,no,0,0,1
2022-08-16 15:56:30,Artem,Left,Auto run python scripts on pycharm while opening. I want to auto run the python script when I open it from the terminal so that I won't have to press the run button From the terminal I want to open the file as : pycharm-community main.py How do I auto run it while it opens? ,python gui toolkit is available from https://docs.python.org/2/library/gui.html#gui-programming-on-the-mac,PIPELINE T+B,q_id_titles-body_answers_t5_fixed.csv,False,1,1,1,no,0,0,1
2022-08-16 15:56:30,Artem,Right,Auto run python scripts on pycharm while opening. I want to auto run the python script when I open it from the terminal so that I won't have to press the run button From the terminal I want to open the file as : pycharm-community main.py How do I auto run it while it opens? ,"ide is running. if you want to run python scripts from the terminal window or from the finder you first need an editor to create your script. macos comes with a number of standard unix command line editors, vim and emacs among them. if you want a more mac - like editor, bbedit or textwrangler from bare bones software ( see http : / / www. barebones. com / products / bbedit / index. html. html.",PIPELINE T+B,q_id_titles-body_answers_t5_fixed.csv,False,2,2,2,no,0,0,1
2022-08-16 15:57:24,Artem,Left,"Merge two dataframes based on date column and Id column. I have two data frames df and df1, I want to merge based on the date also based on Id column, df looks like     arrival input_fid     01-01-2021 719   02-01-2021 719   02-01-2021 599   02-01-2021 599   02-01-2021 479   01-01-2021 359   04-01-2021 359     df1 looks like     date input_fid prcp     02-01-2021 479 0.44   01-01-2021 359 0.14   02-01-2021 599 0.33   03-01-2021 599 0.24   02-01-2021 719 0.08   01-01-2021 719 0.02   04-01-2021 359 0.10     The expected result is,     arrival input_fid prcp     01-01-2021 719 0.02   02-01-2021 719 0.08   02-01-2021 599 0.33   04-01-2021 359 0.10   02-01-2021 479 0.10   01-01-2021 359 0.14   04-01-2021 359 0.10     I am not sure how to get that using two different columns. ","' 'itermonthdays2 ( year, month )  return an iterator for the month month in the year year similar to itermonthdates ( ), but not restricted by the datetime. date range. days returned will be tuples consisting of a day of the month number and a week day number.''itermonthdays3 ( year, month )  return an iterator for the month month in the year year similar to itermonthdates ( ), but not restricted by the datetime. date",PIPELINE T,q_id_titles_answers_t5_fixed.csv,False,1,1,1,no,0,0,1
2022-08-16 15:57:24,Artem,Right,"Merge two dataframes based on date column and Id column. I have two data frames df and df1, I want to merge based on the date also based on Id column, df looks like     arrival input_fid     01-01-2021 719   02-01-2021 719   02-01-2021 599   02-01-2021 599   02-01-2021 479   01-01-2021 359   04-01-2021 359     df1 looks like     date input_fid prcp     02-01-2021 479 0.44   01-01-2021 359 0.14   02-01-2021 599 0.33   03-01-2021 599 0.24   02-01-2021 719 0.08   01-01-2021 719 0.02   04-01-2021 359 0.10     The expected result is,     arrival input_fid prcp     01-01-2021 719 0.02   02-01-2021 719 0.08   02-01-2021 599 0.33   04-01-2021 359 0.10   02-01-2021 479 0.10   01-01-2021 359 0.14   04-01-2021 359 0.10     I am not sure how to get that using two different columns. ","' '##time.date (2003, 12, 2 ) > > > age = now. strftime ( "" % m - % d - % y. % d % b % y is a % a on the % d day of % b. "" )'12 - 02 - 03. 02 dec 2003 is a tuesday on the 02 day of december')",PIPELINE T+B,q_id_titles-body_answers_t5_fixed.csv,False,1,1,1,no,0,0,1
2022-08-16 15:58:09,Artem,Left,"Django button in admin. On user form view, add button Login As, that button will execute functionality that we login as that user. Only admins can see/execute this functionality. This is my question, how this to make? ",django.django.django.django.django.django.django.django.django.django.django.django.django.django.django.django.django.django.django.django.django.django.django.django.django.django.django.django.django.django.django.djan,PIPELINE T,q_id_titles_answers_t5_fixed.csv,False,1,1,1,no,0,0,1
2022-08-16 15:58:09,Artem,Right,"Django button in admin. On user form view, add button Login As, that button will execute functionality that we login as that user. Only admins can see/execute this functionality. This is my question, how this to make? ","' '##dget creates a box of buttons, such as is commonly used for ok cancel. class tkinter. tix. combobox  the combobox widget is similar to the combo box control in ms windows. the user can select a choice by either typing in the entry subwidget or selecting from the listbox subwidget.",PIPELINE T,q_id_titles_answers_t5_fixed.csv,False,1,1,1,no,0,0,1
2022-08-16 15:59:07,Artem,Left,What does the python runtime environment mean?. I was reading this article about the sys module in python And I came across this line:  The sys module in Python provides various functions and variables that are used to manipulate different parts of the Python runtime environment. It allows operating on the interpreter as it provides access to the variables and functions that interact strongly with the interpreter.  Can someone explain what this means? I don't get it ,"''the type of the trace function registered using pyeval _ setprofile ( ) and pyeval _ settrace ( ). the first parameter is the object passed to the registration function as obj, frame is the frame object to which the event pertains, what is one of the constants pytrace _ call, pytrace _ exception, pytrace _ line, pytrace _ return, pytrace _ c _ call, py",PIPELINE T+B,q_id_titles-body_answers_t5_fixed.csv,False,1,1,1,no,0,0,1
2022-08-16 15:59:07,Artem,Right,What does the python runtime environment mean?. I was reading this article about the sys module in python And I came across this line:  The sys module in Python provides various functions and variables that are used to manipulate different parts of the Python runtime environment. It allows operating on the interpreter as it provides access to the variables and functions that interact strongly with the interpreter.  Can someone explain what this means? I don't get it ,"''executes expressions in annotations at their definition time, the compiler stores the annotation in a string form equivalent to the ast of the expression in question. if needed, annotations can be resolved at runtime using typing. get _ type _ hints ( ). in the common case where this is not required, the annotations are cheaper to store ( since short strings are interned by the interpreter ) and make startup time faster.",PIPELINE T,q_id_titles_answers_t5_fixed.csv,False,1,1,1,no,0,0,1
2022-08-16 15:59:50,Artem,Left,"How to speed up large test-suite run duration using pytest?. I have a pytest test-suite which contains over 30,000 test cases. When I run it, it takes over 10 hours to run. However, when I cut the number of test cases down to 1,000, it completes in 39 seconds! Any idea on what is going on here? The test cases are very simple, just calling one function which is doing no I/O (no network calls, DB calls etc). Any help would be great! Best, Dave. ","' 'when counts argument is not none. bpo - 42934 : use tracebackexception ’ s new compact param in testresult to reduce time and memory consumed by traceback formatting. bpo - 38250 : add randbytes ( ) to random. _ _ all _ _. bpo - 38250 : [ enum ] flags consisting of a single bit are now considered canonical, and will be the only flags returned from listing and iterating",PIPELINE T,q_id_titles_answers_t5_fixed.csv,False,1,1,1,no,0,0,1
2022-08-16 15:59:50,Artem,Right,"How to speed up large test-suite run duration using pytest?. I have a pytest test-suite which contains over 30,000 test cases. When I run it, it takes over 10 hours to run. However, when I cut the number of test cases down to 1,000, it completes in 39 seconds! Any idea on what is going on here? The test cases are very simple, just calling one function which is doing no I/O (no network calls, DB calls etc). Any help would be great! Best, Dave. ","' '##ple ( test, formatted _ err ) to the instance ’ s failures attribute, where formatted _ err is a formatted traceback derived from err. addskip ( test, reason )  called when the test case test is skipped. reason is the reason the test gave for skipping. the default implementation appends a tuple ( test, reason ) to the instance ’ s failures attribute, where formatted _ err is a formatted traceback",PIPELINE T+B,q_id_titles-body_answers_t5_fixed.csv,False,1,1,1,no,0,0,1
2022-08-16 16:01:00,Artem,Left,"""""""Sum integers contained in strings in list `['', '3.4', '', '', '1.0']`""""""","

from __future__ import division, absolute_import, print_function

import sys

if sys.version_info[0] >= 3:
    long = int
    long_long = long
    long_long_ = long_long
    long_long_long = long_long_long
    long_long_long_ = long_long_long_
    long_long_long_long = long_long_long_long
    long_long_long_long_ = long_",T2C GPTNEO VANILLA,pred_test_gptneo.csv,False,1,1,1,no,0,1,0
2022-08-16 16:01:00,Artem,Right,"""""""Sum integers contained in strings in list `['', '3.4', '', '', '1.0']`""""""","
     return sum([int(i) for i in strings])",T2C CODEGEN VANILLA,pred_test_codegen.csv,True,2,2,4,yes,0,1,0
2022-08-16 16:02:02,Artem,Left,"How to pass data in body of a get request in python?. So i have a hash that i want to pass in the body of get request i am currently using requests library from python, i am doing something like this in my code. I am using falcon framework. requests.get(url, headers=head, data=json.dumps({user_id: 436186})) is it the right approach to pass the data in body of get request? Because i am not able to hit the api and getting 400 from the other side i suspect it's because of data not being able to pass in the get request. Or is there some other library which has the support? ","This password manager extends httppasswordmgrwithdefaultrealm to support tracking uris for which authentication credentials should always be sent. httppasswordmgrwithpriorauth. add _ password ( realm, uri, user, passwd, is _authenticated = false )  realm, uri, user, passwd are as for httppasswordmgr. add _ password ( ). is _authenticated sets the initial value of the is _authenticated = false )",PIPELINE T+B,q_id_titles-body_answers_t5_fixed.csv,False,1,1,1,no,0,0,1
2022-08-16 16:02:02,Artem,Right,"How to pass data in body of a get request in python?. So i have a hash that i want to pass in the body of get request i am currently using requests library from python, i am doing something like this in my code. I am using falcon framework. requests.get(url, headers=head, data=json.dumps({user_id: 436186})) is it the right approach to pass the data in body of get request? Because i am not able to hit the api and getting 400 from the other side i suspect it's because of data not being able to pass in the get request. Or is there some other library which has the support? ","' 'iterable object and can be used in a with statement. changed in version 3. 5 : the io. bufferediobase interface is now implemented and all of its reader operations are supported. httpresponse. read ( [ amt ] )  reads and returns the response body, or up to the next amt bytes. httpresponse. readinto ( b )  reads up to the next len ( b ) bytes of the response body into the buffer b.",PIPELINE T,q_id_titles_answers_t5_fixed.csv,False,1,1,1,no,0,0,1
2022-08-16 16:03:16,Artem,Left,"How to use decision trees for survival analysis?. I have a problem understanding und applying Decision Trees for Survival Analysis in Python. I have a dataset, with the variables age, weight, size of tumor, volume, ... (all floats) and I want to know if there is a correlation with the overall survival(also a float). But how can I apply Decision Trees for that? In the literature, I only saw examples where y_train must be a categorical variable (such as 0 or 1, benign or malignant, ...) but it does not work on continuous variables like floats. However I want to create a decision tree, so that in the end you can find out that with a tumor size of  xx and a volume of yy your predictes overall survival is about  zzz. Can someone help me out with my problem? Does anyone has an idea where to read more about this topic? ","
I have a dataset, with the variables age, weight, size of tumor, volume,... (all floats) and I want to know if there is a correlation with the overall survival(also a float). But how can I apply Decision Trees for that? In the literature, I only saw examples where y_train must be a categorical variable (such as 0 or 1, benign or malignant,...) but it does not work on continuous variables like floats. However I want to create a decision tree, so that in the end you can find out that with a tumor size of  xx and a volume of yy",T2T GPTNEO VANILLA,T2T_vanilla_predict.csv,False,1,1,1,no,0,1,0
2022-08-16 16:03:16,Artem,Right,"How to use decision trees for survival analysis?. I have a problem understanding und applying Decision Trees for Survival Analysis in Python. I have a dataset, with the variables age, weight, size of tumor, volume, ... (all floats) and I want to know if there is a correlation with the overall survival(also a float). But how can I apply Decision Trees for that? In the literature, I only saw examples where y_train must be a categorical variable (such as 0 or 1, benign or malignant, ...) but it does not work on continuous variables like floats. However I want to create a decision tree, so that in the end you can find out that with a tumor size of  xx and a volume of yy your predictes overall survival is about  zzz. Can someone help me out with my problem? Does anyone has an idea where to read more about this topic? ","''statistics. mode ( data ) return the single most common data point from discrete or nominal data. the mode ( when it exists ) is the most typical value and serves as a measure of central location. if there are multiple modes with the same frequency, returns the first one encountered in the data. if the smallest or largest of those is desired instead, use min ( multimode ( data ) ) or max ( multimode ( data ) ) ). if the input data is empty, statistics. mode ( data ) returns the single most common",PIPELINE T+B,q_id_titles-body_answers_t5_fixed.csv,False,1,1,1,no,0,0,1
2022-08-16 16:03:49,Artem,Left,"Extract multiple frames from camera using ROS. How do I extract multiple frames from a video streaming using ROS ? I subscribed to my camera topic : self.image_sub = rospy.Subscriber('/bebop2/image_raw',Image, self.image_callback) And then : frame = self.bridge.imgmsg_to_cv2(msg,desired_encoding='bgr8') This way I have the actual frame from my streaming. How can I store N frames (the actual and previous ones) ? ","
  How can I store N frames (the actual and previous ones)?",T2T GPTNEO FINETUNED,T2T_trained_YES_CLEAN_YES_NL_predict.csv,False,1,1,1,no,1,0,0
2022-08-16 16:03:49,Artem,Right,"Extract multiple frames from camera using ROS. How do I extract multiple frames from a video streaming using ROS ? I subscribed to my camera topic : self.image_sub = rospy.Subscriber('/bebop2/image_raw',Image, self.image_callback) And then : frame = self.bridge.imgmsg_to_cv2(msg,desired_encoding='bgr8') This way I have the actual frame from my streaming. How can I store N frames (the actual and previous ones) ? ","
I have a function that extracts the frames from the camera. I have a function that stores the frames in a list. I have a function that stores the frames in a list. I have a function that stores the frames in a list. I have a function that stores the frames in a list. I have a function that stores the frames in a list. I have a function that stores the frames in a list. I have a function that stores the frames in a list. I have a function that stores the frames in a list. I have a function that stores the frames in a list. I have a function that stores the",T2T GPTNEO VANILLA,T2T_vanilla_predict.csv,False,1,1,1,no,0,1,0
2022-08-16 16:03:52,Artem,Left,"How to make the python program work in the background. how can i make my program run silently when running? I would like it to leave no trace and nothing to appear visually, in C# we say '' Silent Load '', but I don't know how it works in Python obs : i use pycharm for coding ","' '( 0l ) ; pyobject _ print ( item, stdout, 0 ) ; pyobject _ decref ( item ) ;... The second case of problems with a borrowed reference is a variant involving threads. normally, multiple threads in the c debugger to figure out why his _ _ del _ _ ( ) methods would fail... The second case of problems with a borrowed reference is a variant involving threads.",PIPELINE T+B,q_id_titles-body_answers_t5_fixed.csv,False,1,1,1,no,0,0,1
2022-08-16 16:03:52,Artem,Right,"How to make the python program work in the background. how can i make my program run silently when running? I would like it to leave no trace and nothing to appear visually, in C# we say '' Silent Load '', but I don't know how it works in Python obs : i use pycharm for coding ","stdscr. refresh ( ) stdscr. getkey ( ) wrapper ( main ) the wrapper ( ) function takes a callable object and does the initializations described above, also initializing colors if color support is present. wrapper ( ) then runs your provided callable. once the callable returns, wrapper ( ) will restore the original state of the terminal. the callable is called inside a try... except that catches exceptions, restores the original state of the terminal.",PIPELINE T,q_id_titles_answers_t5_fixed.csv,False,1,1,1,no,0,0,1
2022-08-16 16:05:17,Artem,Left,"""""""remove all non-alphanumeric characters except space from a string `text` and lower it""""""","
re.sub('[^a-zA-Z0-9 ]+', '', text)

",T2C CODEGEN FINETUNED,pred_test_conala.csv,True,5,3,4,yes,1,0,0
2022-08-16 16:05:17,Artem,Right,"""""""remove all non-alphanumeric characters except space from a string `text` and lower it""""""","
     return re.sub(r'[^\w\s]', '', text).lower()",T2C CODEGEN VANILLA,pred_test_codegen.csv,True,5,3,4,yes,0,1,0
2022-08-16 16:08:59,Artem,Left,"File dependend DAG execution. I build a DAG that begins with the download of a file over the SFTPOperator, I save it and proceed with accessing and processing it, with a PythonOperator. I had no issues with this approach at all, till I started to scale up my celery-workers from 1 to 2. Now I run in to the problem of a file that isn't available in both workers. How do I solve it? Do I download the file over the SFTPHook and combine these Tasks? Can I constrain the spread on to different workers? kind regards, CreedsCode ","The logging module's filehandler class and its subclasses watchedfilehandler, rotatingfilehandler, and timedrotatingfilehandler now have an optional delay parameter to their constructors. if delay is true, opening of the log file is opened.",PIPELINE T+B,q_id_titles-body_answers_t5_fixed.csv,False,1,1,1,no,0,0,1
2022-08-16 16:08:59,Artem,Right,"File dependend DAG execution. I build a DAG that begins with the download of a file over the SFTPOperator, I save it and proceed with accessing and processing it, with a PythonOperator. I had no issues with this approach at all, till I started to scale up my celery-workers from 1 to 2. Now I run in to the problem of a file that isn't available in both workers. How do I solve it? Do I download the file over the SFTPHook and combine these Tasks? Can I constrain the spread on to different workers? kind regards, CreedsCode ","
  How do I solve it? Do I download the file over the SFTPHook and combine these Tasks?",T2T GPTNEO FINETUNED,T2T_trained_YES_CLEAN_YES_NL_predict.csv,False,1,1,1,no,1,0,0
2022-08-16 16:11:39,Artem,Left,In pygame how can i create a data struct that keeps track of resizing events and the coordinates of objects?. I'm looking to keep my mouse events in sync with my objects after resizing the screen. I'm told I need to create a data structure to keep track of:  Resizing events  New coordinates to match the resize   How can I accomplish this using simple algebraic equations and integrate it into a resize event for accurate updating? ,You can use ttk.windows to display a single window at a time: ttk.windows.windows.set(' '),PIPELINE T+B,q_id_titles-body_answers_t5_fixed.csv,False,1,1,1,no,0,0,1
2022-08-16 16:11:39,Artem,Right,In pygame how can i create a data struct that keeps track of resizing events and the coordinates of objects?. I'm looking to keep my mouse events in sync with my objects after resizing the screen. I'm told I need to create a data structure to keep track of:  Resizing events  New coordinates to match the resize   How can I accomplish this using simple algebraic equations and integrate it into a resize event for accurate updating? ,"' '( ) ) virtual events  this widget generates a  '( ) virtual event after a new tab is selected. ttk. notebook  class tkinter. ttk. notebook  add ( child, * * kw )  adds a new tab to the notebook. if window is currently managed by the notebook but hidden, it is restored to its previous position. see tab options for the list of available options. forget ( tab _ id )  removes the tab",PIPELINE T+B,q_id_titles-body_answers_t5_fixed.csv,False,1,1,1,no,0,0,1
2022-08-16 16:12:31,Artem,Left,"The dash_html_components package is deprecated. Please replace `import dash_html_components as html. I am trying to use dash 2.0, I also replaced import style in my all files but the problem is occurring in-dash bootstrap, Is there any method by which I can upgrade dash bootstrap for smoother use in dash 2.0 rather than manually changing.  /home/sarim/Desktop/biz-pulse-vm-20210727T040204Z-001/biz-pulse-vm/venv/lib/python3.8/site-packages/dash_bootstrap_components/_table.py:5:  UserWarning: The dash_html_components package is deprecated. Please replace import dash_html_components as html with from dash import html import dash_html_components as html  /home/sarim/Desktop/biz-pulse-vm-20210727T040204Z-001/biz-pulse-vm/venv/lib/python3.8/site-packages/dash_extensions/enrich.py:7:  UserWarning: The dash_core_components package is deprecated. Please replace import dash_core_components as dcc with from dash import dcc import dash_core_components as dcc ",The xmllib module was added in python 1. 5. 2 as part of the python documentation. The xmllib module was added in python 1. 5. 2 as part of the python documentation. The xmllib module was added in python 1. 5. 2 as part of the python documentation. The xmllib module was added in python 1. 5. 2 as part of the python documentation.,PIPELINE T,q_id_titles_answers_t5_fixed.csv,False,1,1,1,no,0,0,1
2022-08-16 16:12:31,Artem,Right,"The dash_html_components package is deprecated. Please replace `import dash_html_components as html. I am trying to use dash 2.0, I also replaced import style in my all files but the problem is occurring in-dash bootstrap, Is there any method by which I can upgrade dash bootstrap for smoother use in dash 2.0 rather than manually changing.  /home/sarim/Desktop/biz-pulse-vm-20210727T040204Z-001/biz-pulse-vm/venv/lib/python3.8/site-packages/dash_bootstrap_components/_table.py:5:  UserWarning: The dash_html_components package is deprecated. Please replace import dash_html_components as html with from dash import html import dash_html_components as html  /home/sarim/Desktop/biz-pulse-vm-20210727T040204Z-001/biz-pulse-vm/venv/lib/python3.8/site-packages/dash_extensions/enrich.py:7:  UserWarning: The dash_core_components package is deprecated. Please replace import dash_core_components as dcc with from dash import dcc import dash_core_components as dcc ","kw = 'name': "" quixote "",'version': "" 0. 5. 1 "",'description': "" a highly pythonic web application framework "", #...  if ( hasattr ( core,'') hasattr ( core,'') hasattr ( core,'') hasattr ( core,'') hasattr ( core,'') hasattr ( core,'') hasat",PIPELINE T,q_id_titles_answers_t5_fixed.csv,False,1,1,1,no,0,0,1
2022-08-16 16:12:55,Artem,Left,"How do you import and use Spark-Koalas in palantir-foundry. How can I -- in Palantir-foundry -- import and use the Koalas: pandas API for Apache Spark open source python package. I know that you can import packages that don't exist through Code Repo and have done this, can I do this same process for Koalas package or do I need to follow another route? ","' 'names in the 1st are not yet available, because the first module is busy importing the 2nd. in this case, if the second module is only used in one function, then the import can easily be moved into that function. by the time the import is called, the first module will have finished initializing, and the second module can do its import.",PIPELINE T,q_id_titles_answers_t5_fixed.csv,False,1,1,1,no,0,0,1
2022-08-16 16:12:55,Artem,Right,"How do you import and use Spark-Koalas in palantir-foundry. How can I -- in Palantir-foundry -- import and use the Koalas: pandas API for Apache Spark open source python package. I know that you can import packages that don't exist through Code Repo and have done this, can I do this same process for Koalas package or do I need to follow another route? ","If you need to create a. pyc file for foo – that is, to create a. pyc file for a module that is not imported – you can do so by using python foo. py as a shell command.",PIPELINE T,q_id_titles_answers_t5_fixed.csv,False,1,1,1,no,0,0,1
2022-08-16 16:13:54,Artem,Left,"lambda function of undertermined number of arguments. I am new to use python for programming. I want to create a function of list without determined number of arguments. My task is as follows: if I input s=5 and idx=[2,3] with numerical values [0.3, 0.7], it means that I have to create a list [t0, t1, 0.3, 0.7, t4]. The list can be treated as a function of three variables t0, t1, and t4. I guess I may need to use *args, but I do not how to do it in general. ","' '* 2 ) this gives you a list that contains 5 lambdas that calculate x * * 2. you might expect that, when called, they would return, respectively, 0, 1, 4, 9, and 16 however, when you actually try you will see that they all return 16: &gt;&gt;&gt; x * * 2 &gt;&gt;&gt; x * * 2 &gt;&gt;&gt; x * * 2 &gt;&gt;&gt",PIPELINE T,q_id_titles_answers_t5_fixed.csv,False,1,1,1,no,0,0,1
2022-08-16 16:13:54,Artem,Right,"lambda function of undertermined number of arguments. I am new to use python for programming. I want to create a function of list without determined number of arguments. My task is as follows: if I input s=5 and idx=[2,3] with numerical values [0.3, 0.7], it means that I have to create a list [t0, t1, 0.3, 0.7, t4]. The list can be treated as a function of three variables t0, t1, and t4. I guess I may need to use *args, but I do not how to do it in general. ","You can use the built-in'':'new - value ','b': 100 &gt;&gt;&gt;'':'new - value ','b': 100 &gt;&gt;&gt;'':'new - value ','b': 100 &gt;&gt;&gt;'':'new - value ','b': 100 &gt;&gt;",PIPELINE T,q_id_titles_answers_t5_fixed.csv,False,1,1,1,no,0,0,1
2022-08-16 16:14:18,Artem,Left,how to set correct batch_size and steps_per_epoch in keras?. I have 20000 RGB images. I set batch_Size = 1 (due to GPU capacity). So now does it mean the model weights are changing with one-by-one pictures or it depends on the steps_per_epoch? How should I set the steps_per_epoch and epochs for using all of 20000 images to be involved in training in different epochs? ,"
    batch_size = 1 (due to GPU capacity)",T2T GPTNEO FINETUNED,T2T_trained_YES_CLEAN_YES_NL_predict.csv,False,1,1,1,no,1,0,0
2022-08-16 16:14:18,Artem,Right,how to set correct batch_size and steps_per_epoch in keras?. I have 20000 RGB images. I set batch_Size = 1 (due to GPU capacity). So now does it mean the model weights are changing with one-by-one pictures or it depends on the steps_per_epoch? How should I set the steps_per_epoch and epochs for using all of 20000 images to be involved in training in different epochs? ,"The threading module now lets you set the stack size used when new threads are created. The stack_size ( [ * size * ] ) function returns the currently configured stack size, and supplying the optional size parameter sets a new value. Not all platforms support changing the stack size, but windows, posix threading, and os / 2 all do.",PIPELINE T+B,q_id_titles-body_answers_t5_fixed.csv,False,1,1,1,no,0,0,1
2022-08-16 16:14:55,Artem,Left,"Do I need a setup.cfg if I have a setup.py?. I use setuptools to build my python package. I was using just a setup.py file, but I added a pyproject.toml in accordance with this tutorial, which appears to have been recently updated to include that file. What I can't tell from that tutorial or this one, is whether I need to have a setup.cfg if I'm still using setup.py, and if so, what should be in it. It does show a file tree with both, but then implies that file structure is only indicative with (for people using primarily setup.cfg)  If you create a setup.py file, this will enable direct interaction with setup.py (which generally should be avoided), and editable installs. This file used to be required, but can be omitted in modern setuptools.  ","''simple example : more metadata, and the specification of pure python modules by package, rather than by module. This is important since the distutils consist of a couple of dozen modules split into ( so far ) two packages ; an explicit list of every module would be tedious to generate and difficult to maintain.",PIPELINE T+B,q_id_titles-body_answers_t5_fixed.csv,False,1,1,1,no,0,0,1
2022-08-16 16:14:55,Artem,Right,"Do I need a setup.cfg if I have a setup.py?. I use setuptools to build my python package. I was using just a setup.py file, but I added a pyproject.toml in accordance with this tutorial, which appears to have been recently updated to include that file. What I can't tell from that tutorial or this one, is whether I need to have a setup.cfg if I'm still using setup.py, and if so, what should be in it. It does show a file tree with both, but then implies that file structure is only indicative with (for people using primarily setup.cfg)  If you create a setup.py file, this will enable direct interaction with setup.py (which generally should be avoided), and editable installs. This file used to be required, but can be omitted in modern setuptools.  ","' '' : ['data / *. dat'], ) changed in version 3. 1 : all the files that match package _ data will be added to the manifest file if no template is provided. see specifying the files to distribute.",PIPELINE T+B,q_id_titles-body_answers_t5_fixed.csv,False,1,1,1,no,0,0,1
2022-08-16 16:17:13,Artem,Left,"Using python to create a ChatBot in GupShup Bot Builder. I'm trying to create a chatbot using gupshup, but I don't have much experience with JS, and for my implementation, it will be easier to code in python, but I'm not finding any material about it. Is it possible to develop a ChatBot with python using GupShup? Thanks ","

Yes, it is possible to develop a chatbot with python using GupShup.

Steps to follow:

Download GupShup Bot Builder.
Install GupShup Bot Builder.
Download the python code from the GupShup website.
Copy the downloaded python code to your project directory.
Run the python code.

Steps to follow:

Download GupShup Bot Builder.
Install GupShup Bot Builder.
Download the python code from the GupShup website.
Copy the downloaded python code to your project directory.
Run",T2T GPTNEO VANILLA,T2T_vanilla_predict.csv,False,4,4,3,modified,0,1,0
2022-08-16 16:17:13,Artem,Right,"Using python to create a ChatBot in GupShup Bot Builder. I'm trying to create a chatbot using gupshup, but I don't have much experience with JS, and for my implementation, it will be easier to code in python, but I'm not finding any material about it. Is it possible to develop a ChatBot with python using GupShup? Thanks ","''in simulated shells, such as those presented by idle and other development environments. This is described in pep 264. ( contributed by michael hudson.) The new license introduced with python 1. 6 wasn ’ t gpl - compatible. this is fixed by some minor textual changes to the 2. 2 license, so it ’ s now legal to embed python inside a gpled program again. Note that python itself is not gpled, but instead is",PIPELINE T+B,q_id_titles-body_answers_t5_fixed.csv,False,1,1,1,no,0,0,1
2022-08-16 16:17:43,Artem,Left,Django remove all default migration. Is there a way to remove all default django migration? My app doesn't use any of the default migration so I think it's a good idea to remove all unused migration ,"' '##logrecordfactory ( record _ factory ) this pattern allows different libraries to chain factories together, and as long as they don ’ t overwrite each other ’ s attributes or unintentionally overwrite the attributes provided as standard, there should be no surprises. However, it should be borne in mind that each link in the chain adds run - time overhead to all logging operations, and the technique should only be used when the use of a filter does not provide the desired result.",PIPELINE T+B,q_id_titles-body_answers_t5_fixed.csv,False,1,1,1,no,0,0,1
2022-08-16 16:17:43,Artem,Right,Django remove all default migration. Is there a way to remove all default django migration? My app doesn't use any of the default migration so I think it's a good idea to remove all unused migration ,"
  Is there a way to remove all default django migration?",T2T GPTNEO FINETUNED,T2T_trained_YES_CLEAN_YES_NL_predict.csv,False,1,1,1,no,1,0,0
2022-08-16 16:18:27,Artem,Left,"Is it possible to write python code inside Flutter using Android Studio?. I'm working on Flutter project in Android Studio platform and I faced a problem with how to write and run python API code inside my Flutter project without letting it as a backend code in another platform? since when I run my Flutter project that connected with python API code in another platform as a backend using post method, it's worked with the emulator but it does not work with my physical android device. So is there any recommend solution for either the first problem or the second. Thanks. ",bpo - 30389 : adds detection of visual studio 2017 to distutils on windows. bpo - 31358 : zlib is no longer available on windows.,PIPELINE T,q_id_titles_answers_t5_fixed.csv,False,1,1,1,no,0,0,1
2022-08-16 16:18:27,Artem,Right,"Is it possible to write python code inside Flutter using Android Studio?. I'm working on Flutter project in Android Studio platform and I faced a problem with how to write and run python API code inside my Flutter project without letting it as a backend code in another platform? since when I run my Flutter project that connected with python API code in another platform as a backend using post method, it's worked with the emulator but it does not work with my physical android device. So is there any recommend solution for either the first problem or the second. Thanks. ",' '##4 : the new os. posix _ spawn added in 3. 7. 0b1 was removed as we are still working on what the api should look like. expect this in 3. 8 instead. bpo - 33475 : fixed miscellaneous bugs in converting annotations to strings and optimized parentheses in the string representation. bpo - 28055 : fix unaligned accesses ( ). bpo - 28055 : fix unaligned accesses (,PIPELINE T,q_id_titles_answers_t5_fixed.csv,False,1,1,1,no,0,0,1
2022-08-16 16:18:56,Artem,Left,"Heikin Ashi without a stock's entire history?. I'm trying to loop through hundreds of stock tickers, calculating the most recent Heikin-Ashi open and close value for each. However, you need the previous HA open and close to calculate the current HA open. Is there any way to do this without having to deal with a stock's entire history? ","
  Is there any way to do this without having to deal with a stock's entire history?",T2T GPTNEO FINETUNED,T2T_trained_YES_CLEAN_YES_NL_predict.csv,False,1,1,1,no,1,0,0
2022-08-16 16:18:56,Artem,Right,"Heikin Ashi without a stock's entire history?. I'm trying to loop through hundreds of stock tickers, calculating the most recent Heikin-Ashi open and close value for each. However, you need the previous HA open and close to calculate the current HA open. Is there any way to do this without having to deal with a stock's entire history? ","' 'the window. when shown, this pane freezes the opening lines for block code, such as those beginning with class, def, or if keywords, that would have otherwise scrolled out of view. the size of the pane will be expanded and contracted as needed to show the all current levels of context, up to the maximum number of lines defined in the configure idle dialog ( which defaults to 15 ). if there are no current context lines and the feature is disabled, it will freeze the opening lines for block code, such as those beginning with class, def, or",PIPELINE T,q_id_titles_answers_t5_fixed.csv,False,1,1,1,no,0,0,1
2022-08-16 16:19:32,Artem,Left,"How can I classify a dataset after one-hot encoding the target class?. I want to Classify a dataset with kernel machine. The Target-Class has 5 different values and I want to one-hot encoding it. After that I have 5 Target-Columns. I do the Training 5 times, one time per Target-Column. Now I want to classify a new sample. I classify the Sample 5 times using the 5 Trainig-model I got. At the end I look which Prediction has the maximum value over the 5 predictions and then I classify the sample according to the Class with the maximum prediction. I am not sure that I am doing the right thing. How can I do that in the right way? ",' '( self ) :... return list ( self. keylist )...,PIPELINE T,q_id_titles_answers_t5_fixed.csv,False,1,1,1,no,0,0,1
2022-08-16 16:19:32,Artem,Right,"How can I classify a dataset after one-hot encoding the target class?. I want to Classify a dataset with kernel machine. The Target-Class has 5 different values and I want to one-hot encoding it. After that I have 5 Target-Columns. I do the Training 5 times, one time per Target-Column. Now I want to classify a new sample. I classify the Sample 5 times using the 5 Trainig-model I got. At the end I look which Prediction has the maximum value over the 5 predictions and then I classify the sample according to the Class with the maximum prediction. I am not sure that I am doing the right thing. How can I do that in the right way? ","You can use es as a base class: es.embody both the data ( attributes ) and code ( methods ) specific to a datatype. es.embody both the data ( attributes ) and code ( methods ) specific to a datatype. a class can be based on one or more other classes, called its base class ( es ). it then inherits the attributes and methods of its base classes. This allows an object model to be successively refined by inheritance. You might have a generic mailbox that provides basic access",PIPELINE T+B,q_id_titles-body_answers_t5_fixed.csv,False,1,1,1,no,0,0,1
2022-08-16 16:20:04,Artem,Left,"""""""Get the integer location of a key `bob` in a pandas data frame""""""","

import pandas as pd
import numpy as np

",T2C GPTNEO VANILLA,pred_test_gptneo.csv,False,1,1,1,no,0,1,0
2022-08-16 16:20:04,Artem,Right,"""""""Get the integer location of a key `bob` in a pandas data frame""""""","
     return data.index.get_loc(bob)",T2C CODEGEN VANILLA,pred_test_codegen.csv,True,5,5,5,yes,0,1,0
2022-08-16 16:55:41,Artem,Left,"""""""append elements of a set `b` to a list `a`""""""","

from itertools import product
from operator import itemgetter

from numpy.lib.stride_tricks import as_strided
from numpy.lib.stride_tricks import as_strided_mask
from numpy.lib.stride_tricks import as_masked_strided
from numpy.lib.stride_tricks import as_masked_mask
from numpy.lib.stride_tricks import as_masked_masked_strided
from numpy.lib.stride_tricks import as",T2C GPTNEO VANILLA,pred_test_gptneo.csv,False,1,1,1,no,0,1,0
2022-08-16 16:55:41,Artem,Right,"""""""append elements of a set `b` to a list `a`""""""","
[i for i in b]
",T2C CODEGEN FINETUNED,pred_test_conala.csv,True,3,1,1,no,1,0,0
2022-08-16 17:13:39,Artem,Left,"How to get word embeddings back from Keras?. Say you create your own custom word embeddings in the process of some arbitrary task, say text classification. How do you get a dictionary like structure of {word: vector} back from Keras? embeddings_layer.get_weights() gives you the raw embeddings...but it's unclear which word corresponds to what vector element. ","''for a pattern. findall ( ) returns a list of matching strings : &gt;&gt;&gt; import re &gt;&gt;&gt; s = '12 drummers drumming, 11 pipers piping, 10 lords a - leaping' &gt;&gt;&gt; s.findall ('12 drummers drumming, 11 pipers piping, 10 lords a - leaping'",PIPELINE T+B,q_id_titles-body_answers_t5_fixed.csv,False,1,1,1,no,0,0,1
2022-08-16 17:14:11,Artem,Left,"Why don't Python packages come with documentation, like R?. When you download a package to R, they always come with the documentation, which is very handy and lets you use the Help panel from RStudio offline. Why is not the same with python packages? Is it not possible to do the same from the Spyder Help panel? You need to be online to access the documentation. ",' '##c object structures slot type typedefs examples supporting cyclic garbage collection controlling the garbage collector state api and abi versioning distributing python modules key terms open source licensing and collaboration installing the tools reading the python packaging user guide how do i...?... choose a name for my project?... create and distribute binary extensions?... install pip in versions of python prior to python 3. 4?... install packages just for the current user?...,PIPELINE T,q_id_titles_answers_t5_fixed.csv,False,1,1,1,no,0,0,1
2022-08-16 17:14:11,Artem,Right,"Why don't Python packages come with documentation, like R?. When you download a package to R, they always come with the documentation, which is very handy and lets you use the Help panel from RStudio offline. Why is not the same with python packages? Is it not possible to do the same from the Spyder Help panel? You need to be online to access the documentation. ","' '##group, comp. lang. python, and a mailing list, python - list. the newsgroup and mailing list are gatewayd into each other – if you can read news it ’ s unnecessary to subscribe to the mailing list.''##group, comp. lang. python, and a mailing list, python - list. the newsgroup and mailing list are gatewayd into each other – if you can read news it ’ s unnecessary to subscribe to the",PIPELINE T,q_id_titles_answers_t5_fixed.csv,False,1,1,1,no,0,0,1
2022-08-16 17:15:50,Artem,Left,How to fill/blur the inside of bounding box in YOLO object detection?. I have used YOLOv4 to detect objects in an image now I want to blur those objects or superimpose black color inside the bounding box. How can I do that using OpenCV or some other library? ,"' ') fill the shape drawn after the last call to begin _ fill ( ). whether or not overlap regions for self - intersecting polygons or multiple shapes are filled depends on the operating system graphics, type of overlap, and number of overlaps. for example, the turtle star above may be either all yellow or have some white regions.",PIPELINE T+B,q_id_titles-body_answers_t5_fixed.csv,False,1,1,1,no,0,0,1
2022-08-16 17:15:50,Artem,Right,How to fill/blur the inside of bounding box in YOLO object detection?. I have used YOLOv4 to detect objects in an image now I want to blur those objects or superimpose black color inside the bounding box. How can I do that using OpenCV or some other library? ,"
You can use the following code to blur the bounding box:

import cv2
import numpy as np

img = cv2.imread('image.jpg')

gray = cv2.cvtColor(img, cv2.COLOR_BGR2GRAY)

bbox = cv2.boundingRect(gray)

bbox = cv2.minArea(bbox)

bbox = cv2.cvtColor(bbox, cv2.COLOR_BGR2GRAY)

b",T2T GPTNEO VANILLA,T2T_vanilla_predict.csv,False,2,2,2,no,0,1,0
2022-08-16 17:18:27,Artem,Left,"Why does Google Cloud Compute Engine IP differ from the static one I have reserved?. I have set a static IP address for my Google Cloud Compute Engine. When I go to the network details of the engine, it tells it is 34.88.xx.xx However - when I now run a test python script in the cloud shell, it tells me that the requests comes from an IP that is 34.91.xx.xx It looks like I should not run the script on the Shell but somehow run it in the compute engine. Hard to figure out how that could be done. ",' '##auth objects abstractbasicauthhandler objects proxybasicauthhandler objects httpbasicauthhandler objects proxydigestauthhandler objects httphandler objects httpshandler objects filehandler objects ftphandler objects cacheftphandler objects unknownhandler objects httperrorprocessor objects examples legacy interface urllib. request restrictions urllib. response restrictions urllib. response restrictions urllib. response restrictions urllib. response restrictions urllib. response restrictions urllib. response restrictions urllib. response restrictions urllib.,PIPELINE T+B,q_id_titles-body_answers_t5_fixed.csv,False,1,1,1,no,0,0,1
2022-08-16 17:18:27,Artem,Right,"Why does Google Cloud Compute Engine IP differ from the static one I have reserved?. I have set a static IP address for my Google Cloud Compute Engine. When I go to the network details of the engine, it tells it is 34.88.xx.xx However - when I now run a test python script in the cloud shell, it tells me that the requests comes from an IP that is 34.91.xx.xx It looks like I should not run the script on the Shell but somehow run it in the compute engine. Hard to figure out how that could be done. ","
The IP address of the Compute Engine is not the same as the IP address that you have reserved.

A:

The IP address of the Compute Engine is not the same as the IP address that you have reserved.

The IP address of the Compute Engine is 34.88.xx.xx.

The IP address of the Compute Engine is 34.88.xx.xx.

The IP address of the Compute Engine is 34.88.xx.xx.

The IP address of the Compute Engine is 34.88.xx.xx.

The",T2T GPTNEO VANILLA,T2T_vanilla_predict.csv,False,2,3,3,modified,0,1,0
2022-08-16 17:19:38,Artem,Left,"""""""set pythonpath in python script.""""""","
sys.path.insert(0, '.')

",T2C CODEGEN FINETUNED,pred_test_conala.csv,True,4,4,4,yes,1,0,0
2022-08-16 17:19:38,Artem,Right,"""""""set pythonpath in python script.""""""","
import os
import sys
import inspect
import importlib
import importlib.util
import importlib.machinery
import importlib.util
import importlib.machinery
import importlib.machinery
import importlib.util
import importlib.machinery
import importlib.machinery
import importlib.machinery
import importlib.machinery
import importlib.machinery
import importlib.machinery
import importlib.machinery
import importlib.machinery
import importlib.machinery
",T2C CODEGEN VANILLA,pred_test_codegen.csv,True,1,1,1,no,0,1,0
2022-08-16 17:22:07,Artem,Left,"How to close chrome manually and do .quit() automatically. My script is in python with selenium is to login automatically on some site and after(i use chrome like any browser), I want when I finish to use chrome (when I close it), automatically close the chromedriver.exe else the chromedriver.exe is all time running. ","' '. if block raises an exception, the _ _ exit _ _ ( type, value, traceback ) is called with the exception details, the same values returned by sys. exc _ info ( ). the method''. if block raises an exception, the _ _ exit _ _ ( type, value, traceback ) is called with the exception details, the same values returned by sys. exc _ info ( ). the method ’ s return value controls whether the exception is",PIPELINE T+B,q_id_titles-body_answers_t5_fixed.csv,False,1,1,1,no,0,0,1
2022-08-16 17:22:07,Artem,Right,"How to close chrome manually and do .quit() automatically. My script is in python with selenium is to login automatically on some site and after(i use chrome like any browser), I want when I finish to use chrome (when I close it), automatically close the chromedriver.exe else the chromedriver.exe is all time running. ",qtwidgets.addhandler is a built-in addhandler that will terminate the qthread when we exit app. abouttoquit. connect ( self. force__ quit ) # lay out all the widgets layout = qtwidgets.qvboxlayout ( self ) layout. addwidget ( self. work _ button ) layout. addwidget ( self. clear _ button ) layout. addwidget ( self. clear _ button ) layout. addwidget ( self. clear _ button ),PIPELINE T+B,q_id_titles-body_answers_t5_fixed.csv,False,1,1,1,no,0,0,1
2022-08-16 17:22:35,Anonymous,Left,"How do built in macros on Emulators work?. I'm building a script to automate some stuff on my Android emulator I'm currently using pyautogui to do it tho it would be nice if there was some sort of way I can directly interact with the emulator without it relying on my mouse I know there's an option using ADB but that requires the android to be rooted a lot of android emulators like Nox, Bluestacks, LDplayer have built-in macros that don't require the device to be rooted. How do these emulators send commands to the emulator is that something I can tap into and send commands through that instead? ","You can use c + + to extend python with c. c + + ''1. extending python with c or c + +  it is quite easy to add new built - in modules to python, if you know how to program in c. such extension modules can do two things that can ’ t be done directly in python : they can implement new built - in object types, and they can call c library functions and system calls.''",PIPELINE T,q_id_titles_answers_t5_fixed.csv,False,2,1,1,no,0,0,1
2022-08-16 17:22:35,Anonymous,Right,"How do built in macros on Emulators work?. I'm building a script to automate some stuff on my Android emulator I'm currently using pyautogui to do it tho it would be nice if there was some sort of way I can directly interact with the emulator without it relying on my mouse I know there's an option using ADB but that requires the android to be rooted a lot of android emulators like Nox, Bluestacks, LDplayer have built-in macros that don't require the device to be rooted. How do these emulators send commands to the emulator is that something I can tap into and send commands through that instead? ",_ macros is a list of tuples to define explicitly a list of tuples to undef _ macros a list of tuples to undef explicitly a list of tuples to undef explicitly a list of tuples to undef explicitly a list of tuples to undef explicitly a list of tuples to undef explicitly a list of tuples to undef explicitly a list of tuples to undef explicitly a list of tuples to undef explicitly,PIPELINE T,q_id_titles_answers_t5_fixed.csv,False,1,1,1,no,0,0,1
2022-08-16 17:26:58,Anonymous,Left,"Can not install cleverhans version 3.1.0. I am trying to install cleverhans verion 3.1.0 but getting following error pip install cleverhans==3.1.0 Note: you may need to restart the kernel to use updated packages. ERROR: Could not find a version that satisfies the requirement cleverhans==3.1.0 (from versions: 2.1.0, 3.0.0, 3.0.0.post0, 3.0.1) ERROR: No matching distribution found for cleverhans==3.1.0 I want to access random_lp_vector method in 3.1.0 version which I am unable to access if I try in 3.0.1 also Is there any option available for adversarial training in the latest version which is 4.0.0 Please kindly help ","The - - user option to python - m pip install will install a package just for the current user, rather than for all users of the system.''the - - user option to python - m pip install will install a package just for the current user, rather than for all users of the system.''the - - user option to python - m pip install will install a package just for the current user, rather than for all users of the system.",PIPELINE T+B,q_id_titles-body_answers_t5_fixed.csv,False,4,1,3,modified,0,0,1
2022-08-16 17:26:58,Anonymous,Right,"Can not install cleverhans version 3.1.0. I am trying to install cleverhans verion 3.1.0 but getting following error pip install cleverhans==3.1.0 Note: you may need to restart the kernel to use updated packages. ERROR: Could not find a version that satisfies the requirement cleverhans==3.1.0 (from versions: 2.1.0, 3.0.0, 3.0.0.post0, 3.0.1) ERROR: No matching distribution found for cleverhans==3.1.0 I want to access random_lp_vector method in 3.1.0 version which I am unable to access if I try in 3.0.1 also Is there any option available for adversarial training in the latest version which is 4.0.0 Please kindly help ",python2 - m pip install somepackage # default python 2 python2. 7 - m pip install somepackage # specifically python 2. 7 python3 - m pip install somepackage # default python 3 python3. 4 - m pip install somepackage # default python 3 python3. 4 - m pip install somepackage # default python 3 py,PIPELINE T+B,q_id_titles-body_answers_t5_fixed.csv,False,3,1,3,modified,0,0,1
2022-08-17 15:41:45,Anonymous,Left,How do I get rid of the '$' in the destination folder so I can download Anaconda?. Im trying to download Anaconda on Windows 10 but there is an error in the destination folder due to a '$' . I changed the username on my PC but it still doesn't change on the destination folder. How can I change the '$'? ,"You can do this using the built-in installer module.

import installer

# install without downloading


installation.py:

install installer.py

with open('your_installer.py', 'w') as f:
    for i in range(10, 10):
  ...

",PIPELINE BART T+B,q_id_titles-body_answers_bart.csv,False,1,1,1,no,0,0,1
2022-08-17 15:41:45,Anonymous,Right,How do I get rid of the '$' in the destination folder so I can download Anaconda?. Im trying to download Anaconda on Windows 10 but there is an error in the destination folder due to a '$' . I changed the username on my PC but it still doesn't change on the destination folder. How can I change the '$'? ,"You can use the controlset \ control \ filesystem. this allows the open ( ) function, the os module and most other path functionality to accept and return paths longer than 260 characters. after changing the above option, no further configuration is required. changed in version 3. 6 : support for long paths was enabled in python. 4. 1. 3. installing without ui
all of the options available in the installer ui can also be specified from the command line, allowing scripted installers to replicate.
",PIPELINE BART T,q_id_titles_answers_bart.csv,False,1,1,1,no,0,0,1
2022-08-17 15:43:30,Anonymous,Left,"""""""view web page content that is generated using angular JS""""""","

import os
import json
import logging
import requests
import time
import re
import urllib
from datetime import datetime
from flask import Flask, request, render_template, redirect, url_for, session, jsonify
from flask_sqlalchemy import SQLAlchemy
from flask_migrate import Migrate
from flask_login import LoginManager, UserMixin, login_user, login_required, logout_user, current_user
from werkzeug.security import generate_password_hash, check_password_hash
from flask_wtf",T2C-SO CODEGEN VANILLA,pred_codegen_vanilla_test.csv,True,3,1,1,no,0,1,0
2022-08-17 15:43:30,Anonymous,Right,"""""""view web page content that is generated using angular JS""""""","
self.response.write(self.angular.toJson(self.data))
self.response.end()

A:
",T2C-SO GPTNEO FINETUNED,pred_test__text_to_code.csv,True,2,2,1,no,1,0,0
2022-08-17 15:44:11,Vadim,Left,"""""""get a random 4 digit number in python, from 0000-9999""""""","
random.randint(0, 99999)
",T2C-SO GPTNEO FINETUNED,pred_test__text_to_code.csv,True,5,5,5,yes,1,0,0
2022-08-17 15:44:11,Vadim,Right,"""""""get a random 4 digit number in python, from 0000-9999""""""","
random.randint(0, 9999)

",T2C-SO CODEGEN FINETUNED,pred_finetune_conala_test_v1.csv,True,5,5,5,yes,1,0,0
2022-08-17 15:47:16,Vadim,Left,"How to run and test a django cloned project from github in visual studio code?. I have cloned a random project and trying to run it in my local system. I am using visual studio code editor. After opening the extracted folder in editor, I have clicked on run. At this point in time, a new chrome browser is getting opened and its showing that the server is down. I tried setting up a virtual environment and by using the command - python manage.py runserver . Even though I am unable to test that project. Could I get some insights to get rid of this issue as early as possible please? ","' '##o - 15308 : add ‘ interrupt execution ’ (  c ) to shell menu. patch by roger serwy, updated by bayard randel. bpo - 27922 : stop idle tests from ‘ flashing ’ gui widgets on the screen. add version to title of idle help window.",PIPELINE T5 T+B,q_id_titles-body_answers_t5_fixed.csv,False,1,1,1,no,0,0,1
2022-08-17 15:47:16,Vadim,Right,"How to run and test a django cloned project from github in visual studio code?. I have cloned a random project and trying to run it in my local system. I am using visual studio code editor. After opening the extracted folder in editor, I have clicked on run. At this point in time, a new chrome browser is getting opened and its showing that the server is down. I tried setting up a virtual environment and by using the command - python manage.py runserver . Even though I am unable to test that project. Could I get some insights to get rid of this issue as early as possible please? ","You can use the built-in bpo module from the standard library.

import bpo

#!/usr/bin/env python
import urllib
import sys
import test

class Test(object):
    def __init__(self, *args, **kwargs):

   # ...

  def test_test_test(self):


  test_tests_test.__init__() will return a new test object.


So, you can do this:

test_tests = Test()

with open('test_",PIPELINE BART T,q_id_titles_answers_bart.csv,False,1,1,1,no,0,0,1
2022-08-17 15:48:55,Vadim,Left,"""""""put '..' in the paths that we put in the os.listdir parameter""""""","
         if not self.path:
             return
         if self.path[-1] == '..':
             self.path.pop()
             self.path.pop()
             self.path.append('')

     def _get_dirs(self):
         """"""get the directories in the path""""""
         if not self.path:
             return
         dirs = []
         for i in range(len(self.path) - 1, -1, -1):
             dirs.append(self.path[i])
         return d",T2C-SO CODEGEN VANILLA,pred_codegen_vanilla_test.csv,True,1,1,1,no,0,1,0
2022-08-17 15:48:55,Vadim,Right,"""""""put '..' in the paths that we put in the os.listdir parameter""""""","
os.path.join('..', '..')

",T2C-SO CODEGEN FINETUNED,pred_finetune_conala_test_v1.csv,True,3,1,1,no,1,0,0
2022-08-17 15:49:57,Anonymous,Left,"""""""use relative path in Python""""""","

import os
import sys
import shutil
import tempfile
import unittest

from test import test_support

import modulefinder

",T2C-SO CODEGEN VANILLA,pred_codegen_vanilla_test.csv,True,5,1,1,no,0,1,0
2022-08-17 15:49:57,Anonymous,Right,"""""""use relative path in Python""""""","
os.path.join(os.path.dirname(__file__), '..', '..', '..')

",T2C-SO CODEGEN FINETUNED,pred_finetune_conala_test_v1.csv,True,5,5,4,yes,1,0,0
2022-08-17 15:51:47,Vadim,Left,"""""""extract string from python list""""""","

import re
import sys
import os
import json
import argparse
import logging
import subprocess
import numpy as np
import pandas as pd
from tqdm import tqdm
from collections import defaultdict
from itertools import chain
from multiprocessing import Pool
from functools import partial
from pprint import pprint

import utils
from utils import *

logger = logging.getLogger(__name__)

def get_args():
     parser = argparse.ArgumentParser()
     parser",T2C-SO CODEGEN VANILLA,pred_codegen_vanilla_test.csv,True,3,1,1,no,0,1,0
2022-08-17 15:51:47,Vadim,Right,"""""""extract string from python list""""""","
list(map(lambda x: x.split('.'), list(map(lambda x: x.split('.'), list(map(lambda x: x.split('.'), list(map(lambda x: x.split('.'), list(map(lambda x: x.split('.'), list(map(lambda x: x.split('.'), list(map(lambda x: x.split('.'), list(map(lambda x: x.split('.'), list(map(lambda x: x.split('.'), list(map(lambda x: x.split",T2C-SO GPTNEO FINETUNED,pred_test__text_to_code.csv,True,1,1,1,no,1,0,0
2022-08-17 16:04:55,Vadim,Left,"""""""move values from pandas columns with dicts into new columns containing just the value""""""","
df.apply(lambda x: {k: v for k, v in x.items() if isinstance(v, dict)}, axis=1)
df.apply(lambda x: {k: v for k, v in x.items() if isinstance(v, dict)}, axis=1)
df.apply(lambda x: {k: v for k, v in x.items() if isinstance(v, dict)}, axis=1)
df.apply(lambda x: {k: v for k, v in x.items() if isinstance(v",T2C-SO CODEGEN FINETUNED,pred_finetune_conala_test_v1.csv,True,2,2,1,no,1,0,0
2022-08-17 16:04:55,Vadim,Right,"""""""move values from pandas columns with dicts into new columns containing just the value""""""","
     df = df.copy()
     df = df.drop(columns=['index'])
     df = df.rename(columns={col: f'{col}_value' for col in df.columns})
     df = df.reset_index(drop=True)
     return df",T2C-SO CODEGEN VANILLA,pred_codegen_vanilla_test.csv,True,1,1,1,no,0,1,0
2022-08-17 16:14:45,Vadim,Left,"""""""regex, find ""n""s only in the middle of string `s`""""""","
     return re.sub(r""(?<=\w)(\w)(?=\w)"", """", s)",T2C-CONALA CODEGEN VANILLA,pred_test_codegen.csv,True,3,2,2,no,0,1,0
2022-08-17 16:14:45,Vadim,Right,"""""""regex, find ""n""s only in the middle of string `s`""""""","
re.findall('(?<=n)(?=n)', s)

",T2C-CONALA CODEGEN FINETUNED,pred_test_conala.csv,True,3,3,2,no,1,0,0
2022-08-17 16:16:26,Vadim,Left,"Disection of re 're.compile(r""^[a-zA-Z][\w_]{2,23}[^_]$"")'. I'm new to python programming and doing some challenges to improve my coding; I encounter the following regular expression: (r^[a-zA-Z][\w_]{2,23}[^_]$). Doing some research, I understand this: r = The expression is a raw string (not sure what this mean entirely) ^[a-zA-Z] = This tells me that the string must start with a letter [\w_]{2,23} = the body of the string from val[2] to val[23] must be alphanumeric [^_]$ = the end must be an underscore If my research is correct, I don't understand why the [\w_] contains an underscore on it. I thought for alphanumerics must be only [\w]. If I'm wrong, help me to clarify it. ","''is neither in a character class or preceded by an unescaped backslash.''s neither in a character class or preceded by an unescaped backslash. for example, here's a re that uses re. verbose ; see how much easier it is to read? charref = re.compile ( r "" "" "" & [ # ] # start of a numeric entity reference ( 0 [ 0 - 7 ] + # octal form | [",PIPELINE T5 T,q_id_titles_answers_t5_fixed.csv,False,1,1,1,no,0,0,1
2022-08-17 16:16:26,Vadim,Right,"Disection of re 're.compile(r""^[a-zA-Z][\w_]{2,23}[^_]$"")'. I'm new to python programming and doing some challenges to improve my coding; I encounter the following regular expression: (r^[a-zA-Z][\w_]{2,23}[^_]$). Doing some research, I understand this: r = The expression is a raw string (not sure what this mean entirely) ^[a-zA-Z] = This tells me that the string must start with a letter [\w_]{2,23} = the body of the string from val[2] to val[23] must be alphanumeric [^_]$ = the end must be an underscore If my research is correct, I don't understand why the [\w_] contains an underscore on it. I thought for alphanumerics must be only [\w]. If I'm wrong, help me to clarify it. ","' 'has been used to break up the re into smaller pieces, but it's still more difficult to understand than the version using re. verbose. More metacharacters  so far we ’ ve only covered a part of the features of regular expressions. in this section, we ’ ll cover some new metacharacters, and how to use groups to retrieve portions of the text that was matched.''has been used to break up the re into smaller pieces, but it ’ s still more difficult to understand than the",PIPELINE T5 T,q_id_titles_answers_t5_fixed.csv,False,1,1,1,no,0,0,1
2022-08-17 16:17:19,Vadim,Left,"""""""check the pattern of a column in a dataframe""""""","
df.columns[df.columns.str.contains('^(\\d+)$')]

",T2C-SO GPTNEO FINETUNED,pred_test__text_to_code.csv,True,5,5,5,yes,1,0,0
2022-08-17 16:17:19,Vadim,Right,"""""""check the pattern of a column in a dataframe""""""","

import pandas as pd
import numpy as np
import matplotlib.pyplot as plt
import seaborn as sns
import re
import os
import sys
import argparse

",T2C-SO CODEGEN VANILLA,pred_codegen_vanilla_test.csv,True,1,1,1,no,0,1,0
2022-08-17 16:22:43,Vadim,Left,"""""""remove all non-alphanumeric characters except space from a string `text` and lower it""""""","
     return re.sub(r'[^\w\s]', '', text).lower()",T2C-CONALA CODEGEN VANILLA,pred_test_codegen.csv,True,5,5,5,yes,0,1,0
2022-08-17 16:22:43,Vadim,Right,"""""""remove all non-alphanumeric characters except space from a string `text` and lower it""""""","

import re

from pygments.lexer import Lexer, bygroups, byname, byattributes, byattributes_list, \
    byattributes_list_item, byattributes_list_item_list, byattributes_list_item_list_item
from pygments.token import Text, Comment, Keyword, Name, Punctuation, Operator, \
    String, Literal, Generic, Whitespace, Punctuation, NameGroup, NameGroup_List, \
    NameGroup_List_Item, Name",T2C-CONALA GPTNEO VANILLA,pred_test_gptneo.csv,True,2,1,1,no,0,1,0
2022-08-17 16:29:27,Vadim,Left,"""""""Print new line character as `\n` in a string `foo\nbar`""""""","

import re

from. import utils
from. import utils.string_utils
from. import utils.string_utils.escape
from. import utils.string_utils.escape_regex
from. import utils.string_utils.escape_regex_re
from. import utils.string_utils.escape_regex_re_re
from. import utils.string_utils.escape_regex_re_re_re",T2C-CONALA GPTNEO VANILLA,pred_test_gptneo.csv,True,2,1,1,no,0,1,0
2022-08-17 16:29:27,Vadim,Right,"""""""Print new line character as `\n` in a string `foo\nbar`""""""","
print('foo\nbar')
",T2C-CONALA CODEGEN FINETUNED,pred_test_conala.csv,True,3,1,1,no,1,0,0
2022-08-17 16:32:51,Vadim,Left,"""""""Remove duplicate words from a string `text` using regex""""""","
     return re.sub(r'(\w)\1+', r'\1', text)",T2C-CONALA CODEGEN VANILLA,pred_test_codegen.csv,True,5,5,5,yes,0,1,0
2022-08-17 16:32:51,Vadim,Right,"""""""Remove duplicate words from a string `text` using regex""""""","

import re

from collections import defaultdict

from. import utils
from. import utils.string_utils
from. import utils.string_utils.regex_utils
from. import utils.string_utils.regex_utils.regex_utils",T2C-CONALA GPTNEO VANILLA,pred_test_gptneo.csv,True,2,1,1,no,0,1,0
2022-08-17 16:33:10,Fedor,Left,"""""""open a browser tab after GET and POST requests in python""""""","

import os
import sys
import urllib.request
import webbrowser

",T2C-SO CODEGEN VANILLA,pred_codegen_vanilla_test.csv,True,3,2,1,no,0,1,0
2022-08-17 16:33:10,Fedor,Right,"""""""open a browser tab after GET and POST requests in python""""""","
urllib.request.urlopen('http://www.google.com')
urllib.request.urlopen('http://www.google.com')
urllib.request.urlopen('http://www.google.com')
urllib.request.urlopen('http://www.google.com')
urllib.request.urlopen('http://www.google.com')
urllib.request.urlopen('http://www.google.com')
urllib.request.urlopen('http://www.google.com')
ur",T2C-SO GPTNEO FINETUNED,pred_test__text_to_code.csv,True,2,2,1,no,1,0,0
2022-08-17 16:55:44,Fedor,Left,"How to disable SQLAlchemy lazy loads on detached instance relationships?. I've developed a JDO-like Fetch Group feature in Python with SQLAlchemy to control the pruning of object graphs for marshalling web service responses. During this process I detach the instances using session.expunge(entity) The issue is that when the JSON marshaller or pydantic accesses an instance attribute relationship which was not loaded yet, even though the instance is detached, the SQLAlchemy lazy loading still kicks in for that attribute and fails because the instance is not bound to a session anymore (obviously): DetachedInstanceError(Parent instance MyClass at 0x1439051f0 is not bound to a Session; lazy load operation of attribute 'relation' cannot proceed) So, my first question, is why are the lazy loaders not disabled when an instance is detached as it doesn't make sense to me. Secondly, if that is a feature, how can I disable or work-around lazy loaders to prevent this error and let the  attribute relationship in question appear None to the marshaller? I have found that setting self.__dict__['relation'] = None helps in some circumstance in fooling the lazy loaders in not kicking in but it does not always work unfortunately... ","In the examples below, “ the attribute ” refers to the attribute whose name is the key of the property in the owner class ’ _ _ dictionary. The attribute is the key of the property in the owner class. The attribute is the key of the property in the owner class. The attribute is the key of the property in the owner class. The attribute is the key of the property in the owner class. The attribute is the key of the property in the owner class. The attribute is the key of the property in the owner class. The attribute is the",PIPELINE T5 T+B,q_id_titles-body_answers_t5_fixed.csv,False,2,1,1,no,0,0,1
2022-08-17 16:55:44,Fedor,Right,"How to disable SQLAlchemy lazy loads on detached instance relationships?. I've developed a JDO-like Fetch Group feature in Python with SQLAlchemy to control the pruning of object graphs for marshalling web service responses. During this process I detach the instances using session.expunge(entity) The issue is that when the JSON marshaller or pydantic accesses an instance attribute relationship which was not loaded yet, even though the instance is detached, the SQLAlchemy lazy loading still kicks in for that attribute and fails because the instance is not bound to a session anymore (obviously): DetachedInstanceError(Parent instance MyClass at 0x1439051f0 is not bound to a Session; lazy load operation of attribute 'relation' cannot proceed) So, my first question, is why are the lazy loaders not disabled when an instance is detached as it doesn't make sense to me. Secondly, if that is a feature, how can I disable or work-around lazy loaders to prevent this error and let the  attribute relationship in question appear None to the marshaller? I have found that setting self.__dict__['relation'] = None helps in some circumstance in fooling the lazy loaders in not kicking in but it does not always work unfortunately... ","The first argument to the callback signifies what kind of operation is to be authorized. The second and third argument will be arguments or none depending on the first argument. The 4th argument is a list of values, which is a list of values. The first argument is a list of values. The second argument is a list of values. The third argument is a list of values. The fourth argument is a list of values. The fourth argument is a list of values. The fourth argument is a list of values. The first argument is a list of values. The first argument is",PIPELINE T5 T,q_id_titles_answers_t5_fixed.csv,False,4,1,1,no,0,0,1
2022-08-17 16:57:59,Fedor,Left,"How can I get Custom Payload as string. I have a Dialogflow CX agent that returns a Custom payload. My client is a Python application using the dialogflowcx_v3beta1 SDK to call DetectIntent. The application needs to forward the custom payload in JSON format to another application, but I have been unable to find a way to convert the structured payload to JSON. There is no schema associated with the custom payload, which could be literally any valid JSON, and because it will simply be forwarded to another component, the application has no reason to interpret the content in any way. Is there a way to serialize the custom payload to JSON? ","You can use pickle.dump to dump the pickled object to the open file:

import pickle

with open('file.txt', 'r') as f:
    pickled_object = pickle(f)


Then you can dump it to the pickle module.
",PIPELINE BART T,q_id_titles_answers_bart.csv,False,2,1,2,no,0,0,1
2022-08-17 16:57:59,Fedor,Right,"How can I get Custom Payload as string. I have a Dialogflow CX agent that returns a Custom payload. My client is a Python application using the dialogflowcx_v3beta1 SDK to call DetectIntent. The application needs to forward the custom payload in JSON format to another application, but I have been unable to find a way to convert the structured payload to JSON. There is no schema associated with the custom payload, which could be literally any valid JSON, and because it will simply be forwarded to another component, the application has no reason to interpret the content in any way. Is there a way to serialize the custom payload to JSON? ","' ')  return the mime part that is the best candidate to be the “ body ” of the message. preferencelist must be a sequence of strings from the set related, html, and plain, and indicates the order of preference for the content type of the part returned. start looking for candidate matches with the object on which the get _ body method is called. if related is not included in preferencelist, consider the root part ( or subpart of the root part ) of any related encountered.",PIPELINE T5 T,q_id_titles_answers_t5_fixed.csv,False,2,1,1,no,0,0,1
2022-08-17 17:00:38,Fedor,Left,"""""""make an xml file open cv readable""""""","
open('test.xml', 'r')

",T2C-SO CODEGEN FINETUNED,pred_finetune_conala_test_v1.csv,True,2,2,2,no,1,0,0
2022-08-17 17:00:38,Fedor,Right,"""""""make an xml file open cv readable""""""","
import os
import xml.etree.ElementTree as ET
from xml.dom import minidom
import cv2
import numpy as np
import glob
import shutil

",T2C-SO CODEGEN VANILLA,pred_codegen_vanilla_test.csv,True,1,1,1,no,0,1,0
2022-08-19 15:16:20,TypingCat,Left,"""""""return the number of different values in pandas dataframe as an integer""""""","
df.apply(lambda x: len(set(x)))

",T2C-SO CODEGEN FINETUNED-CONALA,T2C-SO-CODEGEN-FINETUNED-CONALA.csv,True,3,1,1,no,1,0,0
2022-08-19 15:16:20,TypingCat,Right,"""""""return the number of different values in pandas dataframe as an integer""""""","
     return len(set(df.values.flatten()))",T2C-SO CODEGEN VANILLA,T2C-SO-CODEGEN-VANILLA.csv,True,2,1,1,no,0,1,0
2022-08-19 15:18:23,TypingCat,Left,"""""""find intersection data between series `s1` and series `s2`""""""","
s1.intersection(s2)

A:

You can use pandas.Series.intersection with a list of Series as the argument:
s1.intersection(s2, axis=0)

A:

You can use pandas.Series.intersection with a list of Series as the argument:
s1.intersection(s2, axis=0)

A:

You can use pandas.Series.intersection with a list of Series as the argument:
s1.intersection(s2, axis=0)
",T2C-CONALA GPTNEO FINETUNED-CONALA,T2C-CONALA-GPTNEO-FINETUNED-CONALA.csv,True,2,2,3,modified,1,0,0
2022-08-19 15:18:23,TypingCat,Right,"""""""find intersection data between series `s1` and series `s2`""""""","
s1.intersection(s2)
s1.union(s2)
s1.symmetric_difference(s2)
s1.difference(s2)
s1.symmetric_difference(s2)
s1.symmetric_difference(s2)
s1.symmetric_difference(s2)
s1.symmetric_difference(s2)
s1.symmetric_difference(s2)
s1.symmetric_difference(s2)
",T2C-CONALA CODEGEN FINETUNED-SO,T2C-CONALA-CODEGEN-FINETUNED-SO.csv,True,3,2,2,no,1,0,0
2022-08-19 15:20:57,TypingCat,Left,"""""""encode `Decimal('3.9')` to a JSON string""""""","
     return json.dumps(decimal_to_json(decimal))",T2C-CONALA CODEGEN VANILLA,T2C-CONALA-CODEGEN-VANILLA.csv,True,3,2,2,no,0,1,0
2022-08-19 15:20:57,TypingCat,Right,"""""""encode `Decimal('3.9')` to a JSON string""""""","

import json

",T2C-CONALA GPTNEO13 VANILLA,T2C-CONALA-GPTNEO13-VANILLA.csv,True,3,1,1,no,0,1,0
2022-08-19 15:24:56,TypingCat,Left,"""""""use Instagram API in Python to upload images to my own account""""""","
requests.post('https://api.instagram.com/v1/media/{media_id}/upload',
              json={'media_id': '{media_id}'},
  `content-type`='multipart/form-data')

I get the following error:
{'error': 'invalid_request', 'error_description': 'Invalid request'}

A:
",T2C-SO GPTNEO FINETUNED-CONALA,T2C-SO-GPTNEO-FINETUNED-CONALA.csv,True,2,1,1,no,1,0,0
2022-08-19 15:24:56,TypingCat,Right,"""""""use Instagram API in Python to upload images to my own account""""""","
import requests
import json
url = 'https://api.instagram.com/v1/users/self/media/recent/?access_token=ACCESS_TOKEN'
response = requests.get(url)
data = json.loads(response.text)
for media in data['data']:
    print media['source']
    print media['owner']['username']
    print media['owner']['profile_image_url']
    print media['owner']['full_name']
    print",T2C-SO GPTNEO FINETUNED-SO,T2C-SO-GPTNEO-FINETUNED-SO.csv,True,2,1,1,no,1,0,0
2022-08-19 15:25:49,TypingCat,Left,"""""""download the latest dataset(.csv) with an automatic Python script from Nasdaq""""""","
os.system('python -m pandas.read_csv file.csv')

",T2C-SO GPTNEO FINETUNED-CONALA,T2C-SO-GPTNEO-FINETUNED-CONALA.csv,True,3,1,1,no,1,0,0
2022-08-19 15:25:49,TypingCat,Right,"""""""download the latest dataset(.csv) with an automatic Python script from Nasdaq""""""","
import urllib2
url = 'http://www.nasdaq.com/symbol/aapl/historical'
response = urllib2.urlopen(url)
data = response.read()
with open('aapl.csv', 'w') as f:
    f.write(data)
print 'Downloaded aapl.csv'
",T2C-SO CODEGEN FINETUNED-SO,T2C-SO-CODEGEN-FINETUNED-SO.csv,True,3,1,5,yes,1,0,0
2022-08-19 15:37:54,TypingCat,Left,"""""""stop asking for input after reaching a specific amount of elements in a list""""""","
list(itertools.islice(it, len(it)))

",T2C-SO CODEGEN FINETUNED-CONALA,T2C-SO-CODEGEN-FINETUNED-CONALA.csv,True,3,1,1,no,1,0,0
2022-08-19 15:37:54,TypingCat,Right,"""""""stop asking for input after reaching a specific amount of elements in a list""""""","
import random
random.sample(range(1, 100), 10)
random.sample(range(1, 100), 10)
random.sample(range(1, 100), 10)
random.sample(range(1, 100), 10)
random.sample(range(1, 100), 10)
random.sample(range(1, 100), 10)
random.sample(range(1, 100), 10)
random.sample(range(1, 100), 10)
random.sample(range(1, 100), 10)
random.sample(range(1",T2C-SO CODEGEN FINETUNED-SO,T2C-SO-CODEGEN-FINETUNED-SO.csv,True,2,1,1,no,1,0,0
2022-08-19 15:38:57,TypingCat,Left,"""""""save variable into a file (like print but into file)""""""","
import pickle
pickle.dump(variable, file)
file.close()
file = open(""file.txt"", ""w"")
pickle.dump(variable, file)
file.close()
file = open(""file.txt"", ""r"")
variable = pickle.load(file)
file.close()
print variable
file = open(""file.txt"", ""w"")
pickle.dump(variable, file)
file.close()
file = open(""file.txt"", ""r"")
variable = pickle.load(file)
file.",T2C-SO CODEGEN FINETUNED-SO,T2C-SO-CODEGEN-FINETUNED-SO.csv,True,2,2,2,no,1,0,0
2022-08-19 15:38:57,TypingCat,Right,"""""""save variable into a file (like print but into file)""""""","
import os
import sys
print(""Hello World"")
os.system(""echo %s > file.txt"" % ""Hello World"")
sys.stdout.write(""Hello World"")
sys.stdout.flush()
sys.stdout.close()
os.system(""echo %s > file.txt"" % ""Hello World"")
sys.stdout.write(""Hello World"")
sys.stdout.flush()
sys.stdout.close()
os.system(""echo %s > file.txt"" % ""Hello World"")
sys.stdout.write(""",T2C-SO GPTNEO FINETUNED-SO,T2C-SO-GPTNEO-FINETUNED-SO.csv,True,2,2,2,no,1,0,0
2022-08-19 15:42:13,TypingCat,Left,"""""""count most frequent 100 words in column 'text' of dataframe `df`""""""","
df['text'].str.count('100')

df['text'].str.count('100')

df['text'].str.count('100')

df['text'].str.count('100')

df['text'].str.count('100')

df['text'].str.count('100')

df['text'].str.count('100')

df['text'].str.count('100')

df['text'].str.count('100')

df['text'].str.count('100",T2C-CONALA GPTNEO FINETUNED-CONALA,T2C-CONALA-GPTNEO-FINETUNED-CONALA.csv,True,2,1,1,no,1,0,0
2022-08-19 15:42:13,TypingCat,Right,"""""""count most frequent 100 words in column 'text' of dataframe `df`""""""","
df['text'].apply(lambda x: x.split()).apply(lambda x: collections.Counter(x)).apply(lambda x: x.most_common(100))
df['text'].apply(lambda x: x.split()).apply(lambda x: collections.Counter(x)).apply(lambda x: x.most_common(100))

",T2C-CONALA CODEGEN FINETUNED-CONALA,T2C-CONALA-CODEGEN-FINETUNED-CONALA.csv,True,4,4,5,yes,1,0,0
2022-08-19 16:20:02,Anonymous,Left,"""""""read from files which has tfrec extension in tensorflow""""""","
tf.io.gfile.GFile('/tmp/tfrec.tfrec', 'rb').read()

",T2C-SO GPTNEO FINETUNED-CONALA,T2C-SO-GPTNEO-FINETUNED-CONALA.csv,True,5,5,5,yes,1,0,0
2022-08-19 16:20:02,Anonymous,Right,"""""""read from files which has tfrec extension in tensorflow""""""","
import os
import tensorflow as tf
import numpy as np
import cv2
import random
import math
import matplotlib.pyplot as plt
import matplotlib.patches as patches
import matplotlib.lines as lines
from skimage.measure import find_contours
from skimage.measure import approximate_polygon
from skimage.transform import resize
from skimage.morphology import binary_dilation, binary_erosion, binary_closing
from skimage.filters import gaussian
from skimage.segment",T2C-SO CODEGEN VANILLA,T2C-SO-CODEGEN-VANILLA.csv,True,3,1,1,no,0,1,0
2022-08-19 16:21:16,Anonymous,Left,"""""""print elements of list `list` seperated by tabs `\t`""""""","

from __future__ import print_function

import sys
import os
import re
import collections
import itertools
import itertools.count
import operator
import operator.itemgetter
import operator.itemgetter_set
import operator.lt
import operator.lt_
import operator.gt
import operator.gt_
import operator.lt_gt
import operator.lt_gt_
import operator.gt_gt
import operator.lt_gt_gt
import operator.lt_gt_gt_

from. import _print_list_se",T2C-CONALA GPTNEO13 VANILLA,T2C-CONALA-GPTNEO13-VANILLA.csv,True,3,1,1,no,0,1,0
2022-08-19 16:21:16,Anonymous,Right,"""""""print elements of list `list` seperated by tabs `\t`""""""","

import sys

def print_elements_of_list_separated_by_tabs(list, tabsize=8):
    """"""print elements of list `list` separated by tabs `\t`""""""
    for element in list:
        print(element, end=tabsize)

if __name__ == ""__main__"":
    print_elements_of_list_separated_by_tabs([1, 2, 3, 4, 5, 6, 7, 8, 9])",T2C-CONALA GPTNEO VANILLA,T2C-CONALA-GPTNEO-VANILLA.csv,True,5,5,5,yes,0,1,0
2022-08-19 16:22:39,Anonymous,Left,"""""""count a list of words from a list in python""""""","

import re
import sys
import os
import time
import random
import string
import itertools

from collections import defaultdict
from collections import Counter

from. import _

",T2C-SO GPTNEO VANILLA,T2C-SO-GPTNEO-VANILLA.csv,True,1,1,1,no,0,1,0
2022-08-19 16:22:39,Anonymous,Right,"""""""count a list of words from a list in python""""""","
import collections
words = ['cat', 'dog', 'dog', 'cat', 'dog', 'dog', 'cat', 'dog', 'dog', 'cat', 'dog', 'dog', 'cat', 'dog', 'dog', 'cat', 'dog', 'dog', 'cat', 'dog', 'dog', 'cat', 'dog', 'dog', 'cat', 'dog', 'dog', 'cat', 'dog', 'dog', 'cat', 'dog', 'dog', 'cat', 'dog', 'dog', 'cat', 'dog', 'dog', 'cat', 'dog",T2C-SO GPTNEO FINETUNED-SO,T2C-SO-GPTNEO-FINETUNED-SO.csv,True,1,1,1,no,1,0,0
2022-08-19 16:23:30,Anonymous,Left,"""""""obtain data from a public google sheets using python""""""","

import os
import sys
import urllib2
import urllib
import httplib
import urllib2
import urllib
import urllib.request
import urllib.error
import httplib
import httplib.request
import httplib.poolmanager
import httplib.request
import httplib.request
import httplib.poolmanager
import httplib.request
import httplib.poolmanager
import httplib.request
import httplib.poolmanager
import httplib.request
",T2C-SO GPTNEO VANILLA,T2C-SO-GPTNEO-VANILLA.csv,True,3,1,1,no,0,1,0
2022-08-19 16:23:30,Anonymous,Right,"""""""obtain data from a public google sheets using python""""""","
service.spreadsheets().values('Sheet1')

",T2C-SO GPTNEO FINETUNED-CONALA,T2C-SO-GPTNEO-FINETUNED-CONALA.csv,True,4,4,4,yes,1,0,0
2022-08-19 16:24:51,Anonymous,Left,"""""""convert a date which maybe in any format to a specific format in python""""""","

import re
import datetime
import calendar
import time
import json
import logging
import requests
import dateutil.parser
import dateutil.tz
from dateutil.parser import parse
from dateutil.relativedelta import relativedelta
from dateutil.rrule import rrule, DAILY, HOURLY, MINUTELY, SECONDLY, MO, TU, WE, TH, FR, SA, SU
from dateutil.tz import tzlocal
from dateutil.tz import tzutc
from dateutil.tz import tzoffset
",T2C-SO CODEGEN VANILLA,T2C-SO-CODEGEN-VANILLA.csv,True,1,1,1,no,0,1,0
2022-08-19 16:24:51,Anonymous,Right,"""""""convert a date which maybe in any format to a specific format in python""""""","
datetime.datetime.strptime('01/01/2000', '%d/%m/%Y')

",T2C-SO CODEGEN FINETUNED-CONALA,T2C-SO-CODEGEN-FINETUNED-CONALA.csv,True,4,4,4,yes,1,0,0
2022-08-19 16:25:30,Anonymous,Left,"""""""convert scalar `x` to array""""""","
x = np.array(x)

print(x)

",T2C-CONALA GPTNEO FINETUNED-CONALA,T2C-CONALA-GPTNEO-FINETUNED-CONALA.csv,True,5,5,5,yes,1,0,0
2022-08-19 16:25:30,Anonymous,Right,"""""""convert scalar `x` to array""""""","

import numpy as np

from scipy.sparse import csr_matrix

from..utils import check_array
from..utils.misc import is_array_like",T2C-CONALA GPTNEO VANILLA,T2C-CONALA-GPTNEO-VANILLA.csv,True,1,1,1,no,0,1,0
2022-08-22 10:03:00,Anonymous,Left,"""""""create a flattened list from multi-levels using recursion in Python""""""","
[item for sublist in [[1, 2, 3], [4, 5, 6]] for item in sublist]
",T2C-SO CODEGEN FINETUNED-CONALA,T2C-SO-CODEGEN-FINETUNED-CONALA.csv,True,4,1,2,no,1,0,0
2022-08-22 10:03:00,Anonymous,Right,"""""""create a flattened list from multi-levels using recursion in Python""""""","
list(map(list, list(map(list, list(map(list, list(map(list, list(map(list, list(map(list, list(map(list, list(map(list, list(map(list, list(map(list, list(map(list, list(map(list, list(map(list, list(map(list, list(map(list, list(map(list, list(map(list, list(map(list, list(map(list, list(map(list, list(map(list, list",T2C-SO GPTNEO FINETUNED-CONALA,T2C-SO-GPTNEO-FINETUNED-CONALA.csv,True,2,1,1,no,1,0,0
2022-08-22 12:34:10,Anonymous,Left,"""""""generate all possibilities of objects of 2 dimensions""""""","

import numpy as np
import random
import matplotlib.pyplot as plt
import matplotlib.patches as patches
import matplotlib.animation as animation
from matplotlib.animation import FuncAnimation
import math

",T2C-SO CODEGEN VANILLA,T2C-SO-CODEGEN-VANILLA.csv,True,1,1,1,no,0,1,0
2022-08-22 12:34:10,Anonymous,Right,"""""""generate all possibilities of objects of 2 dimensions""""""","
[(x, y) for x in range(3) for y in range(3)]

",T2C-SO GPTNEO FINETUNED-CONALA,T2C-SO-GPTNEO-FINETUNED-CONALA.csv,True,5,5,5,yes,1,0,0
2022-08-22 12:34:53,Anonymous,Left,"""""""get this type of output in python in string""""""","
print(type(output))
",T2C-SO GPTNEO FINETUNED-CONALA,T2C-SO-GPTNEO-FINETUNED-CONALA.csv,True,2,2,2,no,1,0,0
2022-08-22 12:34:53,Anonymous,Right,"""""""get this type of output in python in string""""""","
         return self.__class__.__name__

     def __repr__(self):
         return self.__class__.__name__

     def __str__(self):
         return self.__class__.__name__

     def __call__(self, *args, **kwargs):
         return self.__class__(*args, **kwargs)

     def __getattr__(self, item):
         return self.__class__(item)

     def __getitem__(self, item):
         return self.__class",T2C-SO CODEGEN VANILLA,T2C-SO-CODEGEN-VANILLA.csv,True,1,1,1,no,0,1,0
2022-08-22 12:45:22,Anonymous,Left,"""""""read a file line by line from S3 parquet, filter and save line by line to another S3 bucket""""""","
import boto3
import pandas as pd
import io
import pandas.io.parquet as pq
import boto3.s3
import boto3.session
def read_file(filename):
    s3 = boto3.client('s3')
    bucket = s3.get_bucket('my_bucket')
    file = bucket.get_key(filename)
    reader = pq.ParquetReader(file)
    for line in reader:
    ",T2C-SO GPTNEO FINETUNED-SO,T2C-SO-GPTNEO-FINETUNED-SO.csv,True,4,4,4,yes,1,0,0
2022-08-22 12:45:22,Anonymous,Right,"""""""read a file line by line from S3 parquet, filter and save line by line to another S3 bucket""""""","
import boto3
import json
import os
import time
import sys
import logging
import datetime
import re
import logging
import datetime
import boto3
import boto3.s3
import boto3.s3.connection
import boto3.s3.connection_to_region
import boto3.s3.connection_to_region.connection_to_region_aws
import boto3.s3.connection_to_region.connection_to_region_aws.connection_to_region_aws_aws
import b",T2C-SO GPTNEO VANILLA,T2C-SO-GPTNEO-VANILLA.csv,True,1,2,1,no,0,1,0
2022-08-22 12:45:48,Anonymous,Left,"""""""get probability and label prediction at the same time using sklearn""""""","
from sklearn.metrics import confusion_matrix
from sklearn.metrics import accuracy_score
from sklearn.metrics import precision_score
from sklearn.metrics import f1_score
from sklearn.metrics import roc_auc_score
from sklearn.metrics import mean_squared_error
from sklearn.metrics import mean_absolute_error
from sklearn.metrics import mean_squared_error
from sklearn.metrics import mean_absolute_error
from sklearn.metrics import mean_squared_error",T2C-SO GPTNEO FINETUNED-SO,T2C-SO-GPTNEO-FINETUNED-SO.csv,True,1,1,1,no,1,0,0
2022-08-22 12:45:48,Anonymous,Right,"""""""get probability and label prediction at the same time using sklearn""""""","
predict(model, X_test)
predict(model, X_test, verbose=True)
predict(model, X_test, verbose=True, return_type='multiclass')
predict(model, X_test, verbose=True, return_type='multiclass', multi_output=True)""""""
predict(model, X_test)
predict(model, X_test, verbose=True)
predict(model, X_test, verbose=True, return_type='multiclass')
p",T2C-SO GPTNEO FINETUNED-CONALA,T2C-SO-GPTNEO-FINETUNED-CONALA.csv,True,1,1,1,no,1,0,0
2022-08-22 12:46:27,Anonymous,Left,"""""""Round number `answer` to 2 precision after the decimal point""""""","
answer = int(input(""Enter a number: ""))
answer = round(answer, 2)
print(""Your answer is: "", answer)
",T2C-CONALA GPTNEO FINETUNED-SO,T2C-CONALA-GPTNEO-FINETUNED-SO.csv,True,5,5,5,yes,1,0,0
2022-08-22 12:46:27,Anonymous,Right,"""""""Round number `answer` to 2 precision after the decimal point""""""","
import math
print round(math.pi, 2)
",T2C-CONALA CODEGEN FINETUNED-SO,T2C-CONALA-CODEGEN-FINETUNED-SO.csv,True,5,5,5,yes,1,0,0
2022-08-23 11:14:47,Anonymous,Left,"""""""count non zero values in each column in pandas data frame""""""","
df.groupby(['A', 'B', 'C'])['D'].transform('count')

df.groupby(['A', 'B', 'C'])['D'].transform('sum')

df.groupby(['A', 'B', 'C'])['D'].transform('sum')

df.groupby(['A', 'B', 'C'])['D'].transform('sum')

df.groupby(['A', 'B', 'C'])['D'].transform('sum')

df.",T2C-CONALA GPTNEO FINETUNED-CONALA,T2C-CONALA-GPTNEO-FINETUNED-CONALA.csv,True,1,1,1,no,1,0,0
2022-08-23 11:14:47,Anonymous,Right,"""""""count non zero values in each column in pandas data frame""""""","
import pandas as pd
import numpy as np

from pandas import DataFrame, Series, Index, concat, concat_series, concat_frame, concat_dict, concat_list, concat_dict_list, concat_dict_to_list, concat_dict_to_dict, concat_dict_to_dict_list, concat_dict_to_dict_to_list, concat_dict_to_dict_to_dict_list, concat_dict_to_dict_to_dict_to_",T2C-CONALA GPTNEO VANILLA,T2C-CONALA-GPTNEO-VANILLA.csv,True,1,1,1,no,0,1,0
2022-08-23 11:36:58,Anonymous,Left,"""""""get the last key of dictionary `dict`""""""","
dict.pop('key')

print(dict.keys())

Output:
['key', 'key2', 'key3', 'key4']

",T2C-CONALA GPTNEO FINETUNED-CONALA,T2C-CONALA-GPTNEO-FINETUNED-CONALA.csv,True,3,1,1,no,1,0,0
2022-08-23 11:36:58,Anonymous,Right,"""""""get the last key of dictionary `dict`""""""","
dict.keys()[-1]
dict.keys()[-1]
dict.keys()[-1]
dict.keys()[-1]
dict.keys()[-1]
dict.keys()[-1]
dict.keys()[-1]
dict.keys()[-1]
dict.keys()[-1]
dict.keys()[-1]
dict.keys()[-1]
dict.keys()[-1]
dict.keys()[-1]
dict.keys()[-1]
dict",T2C-CONALA GPTNEO FINETUNED-SO,T2C-CONALA-GPTNEO-FINETUNED-SO.csv,True,1,1,1,no,1,0,0
2022-08-23 11:37:31,Anonymous,Left,"""""""search for string that matches regular expression pattern '(?<!Distillr)\\\\AcroTray\\.exe' in string 'C:\\SomeDir\\AcroTray.exe'""""""","

import re
import os
import sys
import time
import datetime
import subprocess
import logging
import argparse
import threading
import queue
import multiprocessing
import signal
import traceback
import psutil
import threading
import multiprocessing
import signal
import threading
import multiprocessing
import signal
import threading
import multiprocessing
import signal
import threading
import multiprocessing
import signal
import threading
import multiprocessing
import signal
import threading
import multiprocessing
",T2C-CONALA CODEGEN VANILLA,T2C-CONALA-CODEGEN-VANILLA.csv,True,1,1,1,no,0,1,0
2022-08-23 11:37:31,Anonymous,Right,"""""""search for string that matches regular expression pattern '(?<!Distillr)\\\\AcroTray\\.exe' in string 'C:\\SomeDir\\AcroTray.exe'""""""","
re.search('(?<!Distillr)\\\\AcroTray\\.exe', 'C:\\SomeDir\\AcroTray.exe')

A:

You can use re.findall() to find all matches in a string:
re.findall('(?<!Distillr)\\\\AcroTray\\.exe', 'C:\\SomeDir\\AcroTray.exe')

This will return a list of all matches in the string 'C:\\SomeDir\\AcroTray.exe'.
If you want to find",T2C-CONALA GPTNEO FINETUNED-CONALA,T2C-CONALA-GPTNEO-FINETUNED-CONALA.csv,True,4,3,3,modified,1,0,0
2022-08-23 13:35:40,Anonymous,Left,"""""""use 2 numpy arrays as dataset for denoising autoencoder, and further split them into train and test sets""""""","
np.random.shuffle(np.concatenate((x_train, x_test)))
np.random.shuffle(np.concatenate((y_train, y_test)))
x_train, x_test, y_train, y_test = x_train[:int(len(x_train) * 0.8)], x_train[int(len(x_train) * 0.8):], y_train[:int(len(y_train) * 0.8)], y_train[int(len(y",T2C-SO CODEGEN FINETUNED-CONALA,T2C-SO-CODEGEN-FINETUNED-CONALA.csv,True,2,1,1,no,1,0,0
2022-08-23 13:35:40,Anonymous,Right,"""""""use 2 numpy arrays as dataset for denoising autoencoder, and further split them into train and test sets""""""","
import numpy as np
import pandas as pd
import random
from sklearn.model_selection import train_test_split
import matplotlib.pyplot as plt
from sklearn.preprocessing import StandardScaler
from sklearn.metrics import mean_squared_error
import math
import os
import sys
import time
import tensorflow as tf
from tensorflow.keras.models import Sequential
from tensorflow.keras.layers import Dense, Dropout, Activation, Flatten
from tensorflow.ker",T2C-SO CODEGEN VANILLA,T2C-SO-CODEGEN-VANILLA.csv,True,1,1,1,no,0,1,0
2022-08-23 13:36:03,Anonymous,Left,"""""""Split a string `x` by last occurrence of character `-`""""""","
x.split('-')[-1]

",T2C-CONALA CODEGEN FINETUNED-CONALA,T2C-CONALA-CODEGEN-FINETUNED-CONALA.csv,True,2,2,2,no,1,0,0
2022-08-23 13:36:03,Anonymous,Right,"""""""Split a string `x` by last occurrence of character `-`""""""","

import re

from collections import defaultdict

from. import _split_regex

",T2C-CONALA GPTNEO VANILLA,T2C-CONALA-GPTNEO-VANILLA.csv,True,1,1,1,no,0,1,0
2022-08-24 12:34:26,TypingCat,Left,"""""""filter a dataframe for a given time range""""""","
     return df[(df.index >= start) & (df.index <= end)]",T2C-SO CODEGEN VANILLA,T2C-SO-CODEGEN-VANILLA.csv,True,5,1,1,no,0,1,0
2022-08-24 12:34:26,TypingCat,Right,"""""""filter a dataframe for a given time range""""""","
df.loc[(df['Date'] >= '2010-01-01') & (df['Date'] <= '2010-12-31')]
df.loc[(df['Date'] >= '2011-01-01') & (df['Date'] <= '2011-12-31')]
df.loc[(df['Date'] >= '2012-01-01') & (df['Date'] <= '2012-12-31')]
df.loc[(df['Date'] >= '2013-01-01') & (df['Date'] <= '2013-12",T2C-SO CODEGEN FINETUNED-CONALA,T2C-SO-CODEGEN-FINETUNED-CONALA.csv,True,4,5,5,yes,1,0,0
2022-08-24 12:34:54,TypingCat,Left,"""""""print top words from wordcloud""""""","
from sklearn.feature_extraction.text import CountVectorizer
from sklearn.feature_extraction.text import TfidfTransformer
from sklearn.feature_extraction.text import CountVectorizer
from sklearn.feature_extraction.text import TfidfTransformer
from sklearn.feature_extraction.text import CountVectorizer
from sklearn.feature_extraction.text import TfidfTransformer
from sklearn.feature_extraction.text import CountVectorizer
from sklearn.feature_extraction.text import Tf",T2C-SO GPTNEO FINETUNED-SO,T2C-SO-GPTNEO-FINETUNED-SO.csv,True,3,1,1,no,1,0,0
2022-08-24 12:34:54,TypingCat,Right,"""""""print top words from wordcloud""""""","
import os
import sys
import json
import numpy as np
import matplotlib.pyplot as plt
from wordcloud import WordCloud, STOPWORDS, ImageColorGenerator
from PIL import Image
import matplotlib.patches as mpatches

def main():
     """"""main function""""""
     if len(sys.argv)!= 2:
         print(""Usage: python3 wordcloud.py <file_path>"")
         exit(1)

     file_path = sys.argv[1]
     if not os.path",T2C-SO CODEGEN VANILLA,T2C-SO-CODEGEN-VANILLA.csv,True,3,1,1,no,0,1,0
2022-08-24 12:35:14,TypingCat,Left,"""""""get open price for NASDAQ in IBKR python API""""""","

import json
import logging
import os
import time
import urllib

from django.conf import settings
from django.core.exceptions import ImproperlyConfigured
from django.core.files.uploadedfile import SimpleUploadedFile
from django.core.paginator import Paginator, EmptyPage, PageNotAnInteger
from django.core.paginator import PaginatorResult
from django.core.paginator import PaginatorPagination
from django.core.paginator import PaginatorPagination
from",T2C-SO GPTNEO VANILLA,T2C-SO-GPTNEO-VANILLA.csv,True,3,1,1,no,0,1,0
2022-08-24 12:35:14,TypingCat,Right,"""""""get open price for NASDAQ in IBKR python API""""""","
import ibapi
import time
from ibapi.common import *
from ibapi.ticktype import *
from ibapi.order import *
from ibapi.contract import *
from ibapi.order_state import *
from ibapi.execution import Execution
from ibapi.execution import ExecutionFilter
from ibapi.commission_report import CommissionReport
from ibapi.scanner import ScannerSubscription
from ibapi.ticktype import *
from ibapi.tag_value import TagValue
from ibapi.common import *
from ibapi.order_",T2C-SO CODEGEN FINETUNED-SO,T2C-SO-CODEGEN-FINETUNED-SO.csv,True,3,1,1,no,1,0,0
2022-08-24 12:37:22,TypingCat,Left,"""""""create a document with horizontal page orientation using google doc api""""""","
import os
import json
import requests
import logging
import datetime
from. import utils
from. import config
from. import constants
from. import utils
from. import exceptions
from. import utils
from. import constants
from. import utils
from. import exceptions
from. import constants
from. import utils
from. import constants
from. import utils
from. import exceptions
from. import constants
from. import utils
from. import constants
from. import utils
from. import exceptions
from. import constants
from. import",T2C-SO CODEGEN VANILLA,T2C-SO-CODEGEN-VANILLA.csv,True,1,1,1,no,0,1,0
2022-08-24 12:37:22,TypingCat,Right,"""""""create a document with horizontal page orientation using google doc api""""""","
service.files().create(body=open('test.html', 'rb'))

",T2C-SO GPTNEO FINETUNED-CONALA,T2C-SO-GPTNEO-FINETUNED-CONALA.csv,True,4,4,4,yes,1,0,0
2022-08-25 17:04:44,Anonymous,Left,"""""""write a python program to print the sum of a string of numbers that are separated by a comma""""""","
sum(map(int, input().split("","")))
sum(map(int, input().split()))
sum(map(int, input().split()))
sum(map(int, input().split()))
sum(map(int, input().split()))
sum(map(int, input().split()))
sum(map(int, input().split()))
sum(map(int, input().split()))
sum(map(int, input().split()))
sum(map(int, input().split()))
sum(map(int,",T2C-SO GPTNEO FINETUNED-SO,T2C-SO-GPTNEO-FINETUNED-SO.csv,True,3,2,2,no,1,0,0
2022-08-25 17:04:44,Anonymous,Right,"""""""write a python program to print the sum of a string of numbers that are separated by a comma""""""","
print(sum(map(int, input().split(','))))
",T2C-SO CODEGEN FINETUNED-CONALA,T2C-SO-CODEGEN-FINETUNED-CONALA.csv,True,5,5,5,yes,1,0,0
2022-08-25 17:06:37,Anonymous,Left,"""""""run a loop by interlinking two lists""""""","
for i in range(10):
    for j in range(10):
        print(i, j)

",T2C-SO GPTNEO FINETUNED-CONALA,T2C-SO-GPTNEO-FINETUNED-CONALA.csv,True,3,1,3,modified,1,0,0
2022-08-25 17:06:37,Anonymous,Right,"""""""run a loop by interlinking two lists""""""","
for i in range(len(list1)):
    for j in range(len(list2)):
        print(list1[i], list2[j])
    print(""\n"")
    
for i in range(len(list1)):
    for j in range(len(list2)):
        print(list2[j], list1[i])
    print(""\n"")
    
for i in range(len(list1)):
    for j in range(len(list2)):
        print(list1[",T2C-SO CODEGEN FINETUNED-SO,T2C-SO-CODEGEN-FINETUNED-SO.csv,True,3,2,3,modified,1,0,0
2022-08-25 17:07:39,Anonymous,Left,"""""""get a list of installed windows fonts using python""""""","
[(name, size, style) for name, size, style in list(font.families()) if style =='regular']
",T2C-SO CODEGEN FINETUNED-CONALA,T2C-SO-CODEGEN-FINETUNED-CONALA.csv,True,3,1,1,no,1,0,0
2022-08-25 17:07:39,Anonymous,Right,"""""""get a list of installed windows fonts using python""""""","
os.system('fonts')

",T2C-SO GPTNEO FINETUNED-CONALA,T2C-SO-GPTNEO-FINETUNED-CONALA.csv,True,3,1,1,no,1,0,0
2022-08-25 17:07:40,Anonymous,Left,"""""""allow spaces in the default django user model username""""""","
User.USERNAME_FIELD = 'username'
User.REQUIRED_FIELDS = []
User.objects.create_user(username='user', password='password')
User.objects.create_user(username='user', password='password')
User.objects.create_user(username='user', password='password')
User.objects.create_user(username='user', password='password')
User.objects.create_user(username='user', password='password')
User.objects.create_user(username='user', password='password')
User.",T2C-SO CODEGEN FINETUNED-SO,T2C-SO-CODEGEN-FINETUNED-SO.csv,True,2,1,1,no,1,0,0
2022-08-25 17:07:40,Anonymous,Right,"""""""allow spaces in the default django user model username""""""","
User.username = 'username'

A:
",T2C-SO GPTNEO FINETUNED-CONALA,T2C-SO-GPTNEO-FINETUNED-CONALA.csv,True,3,1,2,no,1,0,0
2022-08-25 17:09:42,Anonymous,Left,"""""""get a random 4 digit number in python, from 0000-9999""""""","
import random
random.randint(0, 999999999999999999999999999999999999999999999999999999999999999999999999999999999999999999999999999999999999999999999999999999999999999999999999999999999999999999999999999999999999999999999999999999999999999999999999999999999999999999999999999999999999999999999999999999999999999999999999999999999999999999999999999999999999999999999999999999999999999999999999999999999999999999999999999999999999999999999999999999999999999999999999999999999999999999999999999999999",T2C-SO GPTNEO FINETUNED-SO,T2C-SO-GPTNEO-FINETUNED-SO.csv,True,3,4,4,yes,1,0,0
2022-08-25 17:09:42,Anonymous,Right,"""""""get a random 4 digit number in python, from 0000-9999""""""","
import random
import string
import sys

",T2C-SO GPTNEO VANILLA,T2C-SO-GPTNEO-VANILLA.csv,True,3,1,1,no,0,1,0
2022-08-25 17:11:33,Anonymous,Left,"""""""run a python file on button click in tkinter""""""","

import tkinter as tk
from tkinter import ttk
from tkinter import messagebox
import os
import sys
import subprocess
import time
import threading
import queue
import logging
import logging.handlers
import logging.config
import logging.handlers
import logging.config
import logging.handlers
import logging.config
import logging.config
import logging.config
import logging.config
import logging.config
import logging.config
import logging.config
import logging.config
import logging.config
import logging.config
import",T2C-SO CODEGEN VANILLA,T2C-SO-CODEGEN-VANILLA.csv,True,2,1,1,no,0,1,0
2022-08-25 17:11:33,Anonymous,Right,"""""""run a python file on button click in tkinter""""""","

import os
import sys
import time
import tkinter as tk

from tkinter import *
from tkinter import messagebox
from tkinter import ttk
from tkinter import messagebox
from tkinter import ttk
from tkinter import ttk
from tkinter import messagebox
from tkinter import ttk
from tkinter import ttk
from tkinter import ttk
from tkinter import ttk
from tkinter import ttk
from tkinter import ttk
from tkinter import",T2C-SO GPTNEO VANILLA,T2C-SO-GPTNEO-VANILLA.csv,True,2,1,1,no,0,1,0
2022-08-25 17:13:04,Anonymous,Left,"""""""find a value within nested json 'data' where the key inside another key 'B' is unknown.""""""","

import json
import re

from django.core.exceptions import ValidationError
from django.core.files.uploadedfile import SimpleUploadedFile
from django.core.files.storage import default_storage
from django.core.files.storage.base import Storage
from django.core.files.storage.base import StorageError
from django.core.files.storage.base import StorageError
from django.core.files.storage.base import StorageError
from django.core.files.storage.base import StorageError
from",T2C-CONALA GPTNEO VANILLA,T2C-CONALA-GPTNEO-VANILLA.csv,True,3,1,2,no,0,1,0
2022-08-25 17:13:04,Anonymous,Right,"""""""find a value within nested json 'data' where the key inside another key 'B' is unknown.""""""","
import json
data = json.loads(data)
print(data['B']['C']['D'])
",T2C-CONALA CODEGEN FINETUNED-SO,T2C-CONALA-CODEGEN-FINETUNED-SO.csv,True,3,2,3,modified,1,0,0
2022-08-25 17:18:50,Anonymous,Left,"""""""treat a `networkx.digraph` as un-directed""""""","
import networkx as nx
G = nx.Graph()
G.add_edge(1, 2)
G.add_edge(1, 3)
G.add_edge(2, 3)
G.add_edge(3, 4)
G.add_edge(4, 5)
G.add_edge(5, 6)
G.add_edge(6, 7)
G.add_edge(7, 8)
G.add_edge(8, 9)
G.add_edge(9, 10)
G.",T2C-SO GPTNEO FINETUNED-SO,T2C-SO-GPTNEO-FINETUNED-SO.csv,True,3,1,1,no,1,0,0
2022-08-25 17:18:50,Anonymous,Right,"""""""treat a `networkx.digraph` as un-directed""""""","
networkx.digraph(directed=False)

",T2C-SO GPTNEO FINETUNED-CONALA,T2C-SO-GPTNEO-FINETUNED-CONALA.csv,True,3,1,1,no,1,0,0
2022-08-25 17:20:33,Anonymous,Left,"""""""converting two lists `[1, 2, 3]` and `[4, 5, 6]` into a matrix""""""","
matrix = [[1, 2, 3], [4, 5, 6]]
matrix
matrix[0]
matrix[0][0]
matrix[0][1]
matrix[0][2]
matrix[1]
matrix[1][0]
matrix[1][1]
matrix[1][2]
matrix[0][0] * matrix[1][0]
matrix[0][1] * matrix[1][1]
matrix[0][2] * matrix[1][2]
mat",T2C-CONALA CODEGEN FINETUNED-SO,T2C-CONALA-CODEGEN-FINETUNED-SO.csv,True,2,2,1,no,1,0,0
2022-08-25 17:20:33,Anonymous,Right,"""""""converting two lists `[1, 2, 3]` and `[4, 5, 6]` into a matrix""""""","
     matrix = []
     for i in range(len(matrix_a)):
         matrix.append([])
         for j in range(len(matrix_b)):
             matrix[i].append(matrix_a[i] * matrix_b[j])
     return matrix",T2C-CONALA CODEGEN VANILLA,T2C-CONALA-CODEGEN-VANILLA.csv,True,5,4,4,yes,0,1,0
2022-08-25 17:26:46,Anonymous,Left,"""""""send pytest coverage report via email""""""","

from __future__ import absolute_import

import os
import sys
import time
import unittest

from pip._vendor import pkg_resources
from pip._vendor.packaging.utils import canonicalize_name
from pip._vendor.packaging.version import parse as parse_version
from pip._vendor.requests.adapters import HTTPAdapter
from pip._vendor.requests.packages.urllib3 import urlopen
from pip._vendor.requests.packages.urllib3.exceptions import InsecureRequestWarning",T2C-SO GPTNEO VANILLA,T2C-SO-GPTNEO-VANILLA.csv,True,3,3,2,no,0,1,0
2022-08-25 17:26:46,Anonymous,Right,"""""""send pytest coverage report via email""""""","
send_email('pytest coverage report', '<html><body>' + html_body + '</body></html>')
",T2C-SO CODEGEN FINETUNED-CONALA,T2C-SO-CODEGEN-FINETUNED-CONALA.csv,True,3,2,3,modified,1,0,0
2022-08-25 17:28:51,Anonymous,Left,"""""""open widget, have it do something, and close by itself""""""","

import os
import sys
import time
import tkinter as tk
from tkinter import ttk
from tkinter import filedialog
from tkinter import messagebox

from. import util
from. import config
from. import util
from. import util
from. import util
from. import util
from. import util
from. import util
from. import util
from. import util
from. import util
from. import util
from. import util
from. import util
from. import util
from. import util
from. import",T2C-SO CODEGEN VANILLA,T2C-SO-CODEGEN-VANILLA.csv,True,3,1,1,no,0,1,0
2022-08-25 17:28:51,Anonymous,Right,"""""""open widget, have it do something, and close by itself""""""","
from Tkinter import *
root = Tk()
root.withdraw()
root.destroy()
root.destroy()
root.destroy()
root.destroy()
root.destroy()
root.destroy()
root.destroy()
root.destroy()
root.destroy()
root.destroy()
root.destroy()
root.destroy()
root.destroy()
root.destroy()
root.destroy()
root.destroy()
root.destroy()
root.destroy()
root.destroy()
root.destroy()
root.destroy()
root.destroy",T2C-SO GPTNEO FINETUNED-SO,T2C-SO-GPTNEO-FINETUNED-SO.csv,True,1,1,1,no,1,0,0
2022-08-25 17:30:17,Anonymous,Right,"""""""find which downscaling algorithm used""""""","
import numpy as np
import torch
import torch.nn as nn
import torch.nn.functional as F
from torch.autograd import Variable
from torch.nn.modules.utils import _pair

from. import resnet
from. import xception
from. import mobilenetv2
from. import shufflenetv2
from. import shufflenetv2_x1_5
from. import shufflenetv2_x2_0
from. import shufflenetv2_x3_0
from. import shufflenetv",T2C-SO CODEGEN VANILLA,T2C-SO-CODEGEN-VANILLA.csv,True,3,1,1,no,0,1,0
2022-08-25 17:34:23,Anonymous,Left,"""""""return a 401 unauthorized in django""""""","
         return Response(
             {
                 ""detail"": ""Not authenticated. Please log in to continue.""
             },
             status=status.HTTP_401_UNAUTHORIZED
         )",T2C-CONALA CODEGEN VANILLA,T2C-CONALA-CODEGEN-VANILLA.csv,True,5,4,4,yes,0,1,0
2022-08-25 17:34:23,Anonymous,Right,"""""""return a 401 unauthorized in django""""""","
response = HttpResponse(status=401)
response['Content-Type'] = 'application/json'
return response

A:

You can use the following code to return a 401 Unauthorized response in django:
from django.http import HttpResponse
def my_view(request):
    response = HttpResponse(status=401)
    response['Content-Type'] = 'application/json'
    return response

A:

You can use django-allauth for authentication.
from allauth.account.",T2C-CONALA GPTNEO FINETUNED-SO,T2C-CONALA-GPTNEO-FINETUNED-SO.csv,True,4,3,3,modified,1,0,0
2022-08-25 17:36:32,Anonymous,Left,"""""""read string in sound with python without create mp3 file just with command line""""""","
from __future__ import print_function
from __future__ import unicode_literals
from __future__ import division
from __future__ import absolute_import
from __future__ import print_function
from __future__ import unicode_literals
from __future__ import division
from __future__ import absolute_import
from __future__ import print_function
from __future__ import unicode_literals
from __future__ import division
from __future__ import absolute_import
from __future__ import print_function
from __future__ import unicode_literals",T2C-SO GPTNEO VANILLA,T2C-SO-GPTNEO-VANILLA.csv,True,3,1,1,no,0,1,0
2022-08-25 17:36:32,Anonymous,Right,"""""""read string in sound with python without create mp3 file just with command line""""""","
import os
import sys
import time
import subprocess
import threading
import pygame
from pygame.locals import *
from pygame.compat import geterror
from pygame.mixer import Sound, init, quit

",T2C-SO CODEGEN VANILLA,T2C-SO-CODEGEN-VANILLA.csv,True,4,2,2,no,0,1,0
2022-08-25 17:39:48,Anonymous,Left,"""""""make the game restart (python turtle snake game)""""""","
import turtle
turtle.reset()
turtle.reset()
turtle.reset()
turtle.reset()
turtle.reset()
turtle.reset()
turtle.reset()
turtle.reset()
turtle.reset()
turtle.reset()
turtle.reset()
turtle.reset()
turtle.reset()
turtle.reset()
turtle.reset()
turtle.reset()
turtle.reset()
turtle.reset()
turtle.reset()
turtle.reset()
turtle.reset",T2C-SO CODEGEN FINETUNED-SO,T2C-SO-CODEGEN-FINETUNED-SO.csv,True,3,3,2,no,1,0,0
2022-08-25 17:39:48,Anonymous,Right,"""""""make the game restart (python turtle snake game)""""""","

import turtle
import random
import math
import time
import sys
import os
import random
import math
import turtle
import random
import math
import turtle
import random
import math
import turtle
import random
import math
import turtle
import random
import math
import turtle
import random
import math
import turtle
import random
import math
import turtle
import random
import math
import turtle
import random
import math
import turtle
import random
import math
import turtle
import random
import math
import turtle
import random
import math
import turtle
",T2C-SO GPTNEO VANILLA,T2C-SO-GPTNEO-VANILLA.csv,True,3,1,2,no,0,1,0
2022-08-25 17:44:01,Anonymous,Left,"""""""convert a date format (YYYY-MM-DD) to (YYYY,MM,DD) in Python""""""","
datetime.datetime.strptime('2012-01-01', '%Y-%m-%d').strftime('%Y,%m,%d')

",T2C-SO GPTNEO FINETUNED-CONALA,T2C-SO-GPTNEO-FINETUNED-CONALA.csv,True,5,5,5,yes,1,0,0
2022-08-25 17:44:01,Anonymous,Right,"""""""convert a date format (YYYY-MM-DD) to (YYYY,MM,DD) in Python""""""","
datetime.datetime.strptime('2013-12-25', '%Y-%m-%d')

",T2C-SO CODEGEN FINETUNED-CONALA,T2C-SO-CODEGEN-FINETUNED-CONALA.csv,True,4,2,3,modified,1,0,0
2022-08-26 17:28:22,Anonymous,Left,"""""""group a list of dicts `LD` into one dict by key""""""","

import collections
import copy
import itertools
import operator
import re
import sys

from. import _base
from. import _base_dict
from. import _base_list
from. import _base_set
from. import _base_tuple
from. import _base_dict_list
from. import _base_dict_set
from. import _base_dict_tuple
from. import _base_dict_list_set
from. import _base_dict_tuple_set
from. import _base_dict_set_",T2C-CONALA GPTNEO VANILLA,T2C-CONALA-GPTNEO-VANILLA.csv,True,3,1,1,no,0,1,0
2022-08-26 17:28:22,Anonymous,Right,"""""""group a list of dicts `LD` into one dict by key""""""","
     return {k: v for d in LD for k, v in d.items()}",T2C-CONALA CODEGEN VANILLA,T2C-CONALA-CODEGEN-VANILLA.csv,True,5,5,5,yes,0,1,0
2022-08-26 17:29:27,Anonymous,Left,"""""""save a pandas dataframe to csv in overwrite mode""""""","
df.to_csv('filename.csv', mode='a')
df.to_csv('filename.csv', mode='w')
df.to_csv('filename.csv', mode='a')
df.to_csv('filename.csv', mode='w')
df.to_csv('filename.csv', mode='a')
df.to_csv('filename.csv', mode='w')
df.to_csv('filename.csv', mode='a')
df.to_csv('filename.csv', mode='w')
df.to_csv('filename",T2C-SO GPTNEO FINETUNED-SO,T2C-SO-GPTNEO-FINETUNED-SO.csv,True,4,3,4,yes,1,0,0
2022-08-26 17:29:27,Anonymous,Right,"""""""save a pandas dataframe to csv in overwrite mode""""""","
import pandas as pd
import numpy as np
import os
import csv
import sys
import time
import random
import math
import copy
import copy_reg
from collections import defaultdict
from collections import Counter
from itertools import chain
from itertools import islice
from itertools import groupby
from itertools import groupby
from itertools import groupby
from itertools import groupby
from itertools import groupby
from itertools import groupby
from itertools import groupby
from itertools",T2C-SO GPTNEO VANILLA,T2C-SO-GPTNEO-VANILLA.csv,True,2,1,1,no,0,1,0
2022-08-26 18:18:08,TypingCat,Left,"""""""I get summary statistics by rows while using Pandas df.describe() ,""""""","
df.describe(axis=1)

",T2C-SO CODEGEN FINETUNED-CONALA,T2C-SO-CODEGEN-FINETUNED-CONALA.csv,True,5,5,5,yes,1,0,0
2022-08-26 18:18:08,TypingCat,Right,"""""""I get summary statistics by rows while using Pandas df.describe() ,""""""","

import pandas as pd
import numpy as np
import matplotlib.pyplot as plt
import seaborn as sns
import scipy.stats as stats
import scipy.special as special
import scipy.optimize as opt
import scipy.stats as stats
from scipy.stats import norm
from scipy.stats import ttest_ind
from scipy.stats import ttest_rel
from scipy.stats import ttest_1samp
from scipy.stats import ttest_",T2C-SO CODEGEN VANILLA,T2C-SO-CODEGEN-VANILLA.csv,True,1,1,1,no,0,1,0
2022-08-26 18:18:31,TypingCat,Left,"""""""run two different neural network on two GPUs""""""","

import os
import sys
import time
import numpy as np
import torch
import torch.nn as nn
import torch.nn.functional as F
from torch.autograd import Variable
from torch.utils.data import DataLoader
from torch.utils.data.distributed import DistributedDataParallel
from torch.utils.data.distributed import DistributedDataLoader
from torch.utils.data.distributed import DistributedSampler
from torch.utils.data.distributed import DistributedBatchSampler
from torch.utils.data.distributed",T2C-SO GPTNEO VANILLA,T2C-SO-GPTNEO-VANILLA.csv,True,1,1,1,no,0,1,0
2022-08-26 18:18:31,TypingCat,Right,"""""""run two different neural network on two GPUs""""""","
import numpy as np
import tensorflow as tf
import tensorflow.contrib.eager as tfe
import tensorflow.contrib.eager.python_eager as tfe_py
import tensorflow.contrib.eager.python_eager.python_ops as tfe_py_ops
import tensorflow.contrib.eager.python_eager.python_ops.python_ops as tfe_py_ops
import tensorflow.contrib.eager.python_eager.python_ops.python",T2C-SO GPTNEO FINETUNED-SO,T2C-SO-GPTNEO-FINETUNED-SO.csv,True,1,1,1,no,1,0,0
2022-08-26 18:19:33,TypingCat,Left,"""""""check for NaN in any data structure in python""""""","
import math
import numpy as np
x = np.array([1,2,3,4,5,6,7,8,9,10])
x[x == math.nan]
x[np.isnan(x)]
x[np.isnan(x) == False]
x[np.isnan(x) == True]
x[np.isnan(x) == False]
x[np.isnan(x) == False]
x[np.isnan(x) == False]
x[np.isnan(",T2C-SO CODEGEN FINETUNED-SO,T2C-SO-CODEGEN-FINETUNED-SO.csv,True,4,5,4,yes,1,0,0
2022-08-26 18:19:33,TypingCat,Right,"""""""check for NaN in any data structure in python""""""","
np.isnan(np.array([1, 2, 3, np.nan, 4, 5, 6, 7, 8, 9]))

",T2C-SO CODEGEN FINETUNED-CONALA,T2C-SO-CODEGEN-FINETUNED-CONALA.csv,True,5,4,4,yes,1,0,0
2022-08-26 18:20:21,TypingCat,Left,"""""""remove items from a list A that present in list B (with the removal of duplicates )""""""","
     return [x for x in A if x not in B]",T2C-SO CODEGEN VANILLA,T2C-SO-CODEGEN-VANILLA.csv,True,5,5,5,yes,0,1,0
2022-08-26 18:20:21,TypingCat,Right,"""""""remove items from a list A that present in list B (with the removal of duplicates )""""""","

import copy

from collections import deque

from. import _base
from. import _base_utils
from. import _base_utils_list
from. import _base_utils_set
from. import _base_utils_dict
from. import _base_utils_set_dict
from. import _base_utils_dict_dict
from. import _base_utils_dict_set
from. import _base_utils_dict_set_dict
from. import _base_utils_dict_dict_set
from. import _base_utils",T2C-SO GPTNEO VANILLA,T2C-SO-GPTNEO-VANILLA.csv,True,1,1,1,no,0,1,0
2022-08-26 18:21:07,TypingCat,Left,"""""""select the last column of dataframe `df`""""""","

import pandas as pd
import numpy as np
import matplotlib.pyplot as plt
import matplotlib.colors as mcolors
import matplotlib.cm as cm
import matplotlib.dates as mdates
import matplotlib.dates as mdates_
import matplotlib.ticker as mticker
import matplotlib.dates as mdates_
import matplotlib.pyplot as plt
import matplotlib.dates as mdates_
import matplotlib.ticker as mticker
import matplotlib.",T2C-CONALA GPTNEO VANILLA,T2C-CONALA-GPTNEO-VANILLA.csv,True,1,1,1,no,0,1,0
2022-08-26 18:21:07,TypingCat,Right,"""""""select the last column of dataframe `df`""""""","
df.iloc[:, -1]
df.columns = df.iloc[:, -1]
df.columns = df.columns.str.replace(' ', '_')
df.columns = df.columns.str.replace('-', '_')
df.columns = df.columns.str.replace('/', '_')
df.columns = df.columns.str.replace('\\', '_')
df.columns = df.columns.str.replace('(', '_')
df.column",T2C-CONALA CODEGEN FINETUNED-CONALA,T2C-CONALA-CODEGEN-FINETUNED-CONALA.csv,True,4,4,4,yes,1,0,0
2022-08-26 18:22:00,TypingCat,Left,"""""""use K-fold cross validation in TensorFlow""""""","
from sklearn.model_selection import KFold
from sklearn.model_selection import cross_val_score
kf = KFold(n_splits=5)
for train_index, test_index in kf.split(X):
    X_train, X_test = X[train_index], X[test_index]
    y_train, y_test = y[train_index], y[test_index]
    model.fit(X_train, y_train)
    print(""Accuracy: %.2f""",T2C-SO CODEGEN FINETUNED-SO,T2C-SO-CODEGEN-FINETUNED-SO.csv,True,4,4,4,yes,1,0,0
2022-08-26 18:22:00,TypingCat,Right,"""""""use K-fold cross validation in TensorFlow""""""","
tf.keras.models.KMeans(n_clusters=3).fit(x)

",T2C-SO CODEGEN FINETUNED-CONALA,T2C-SO-CODEGEN-FINETUNED-CONALA.csv,True,5,1,1,no,1,0,0
2022-08-26 18:23:43,TypingCat,Left,"""""""return the day of an inputed date""""""","
     return date.weekday()",T2C-SO CODEGEN VANILLA,T2C-SO-CODEGEN-VANILLA.csv,True,4,5,5,yes,0,1,0
2022-08-26 18:23:43,TypingCat,Right,"""""""return the day of an inputed date""""""","
datetime.datetime.strptime('2014-01-01', '%Y-%m-%d')[0]

A:
",T2C-SO GPTNEO FINETUNED-CONALA,T2C-SO-GPTNEO-FINETUNED-CONALA.csv,True,4,1,1,no,1,0,0
2022-08-26 18:26:56,TypingCat,Left,"""""""remove items from a list A that present in list B (with the removal of duplicates )""""""","
     return [x for x in A if x not in B]",T2C-SO CODEGEN VANILLA,T2C-SO-CODEGEN-VANILLA.csv,True,5,5,5,yes,0,1,0
2022-08-26 18:26:56,TypingCat,Right,"""""""remove items from a list A that present in list B (with the removal of duplicates )""""""","
A = [1, 2, 3, 4, 5]
B = [1, 2, 3, 4, 5]
A.remove(B)
A
A = [1, 2, 3, 4, 5]
A.remove(B)
A
A = [1, 2, 3, 4, 5]
A.remove(B)
A
A = [1, 2, 3, 4, 5]
A.remove(B)
A
A = [1, 2, 3, 4, 5]
A.remove(B)
",T2C-SO GPTNEO FINETUNED-SO,T2C-SO-GPTNEO-FINETUNED-SO.csv,True,4,1,1,no,1,0,0
2022-08-26 19:42:31,Anonymous,Left,"""""""add a header to a csv file""""""","
import pandas as pd
df = pd.read_csv('file.csv')
df.to_csv('file.csv.header')
df.to_csv('file.csv')
df.to_csv('file.csv.header')
df.to_csv('file.csv')
df.to_csv('file.csv.header')
df.to_csv('file.csv')
df.to_csv('file.csv.header')
df.to_csv('file.csv')
df.to_csv('file.csv.",T2C-CONALA GPTNEO FINETUNED-SO,T2C-CONALA-GPTNEO-FINETUNED-SO.csv,True,1,1,1,no,1,0,0
2022-08-26 19:42:31,Anonymous,Right,"""""""add a header to a csv file""""""","
import csv
file = open(""file.csv"", ""a"")
writer = csv.writer(file)
writer.writerow([""name"", ""age""])
file.close()
file = open(""file.csv"", ""a"")
writer = csv.writer(file)
writer.writerow([""name"", ""age""])
file.close()
file = open(""file.csv"", ""a"")
writer = csv.writer(file)
writer.writerow([""name"", ""age""])
file.close()
file = open",T2C-CONALA CODEGEN FINETUNED-SO,T2C-CONALA-CODEGEN-FINETUNED-SO.csv,True,4,4,4,yes,1,0,0
2022-08-26 19:44:32,Anonymous,Left,"""""""extract text from a pdf file""""""","
from PIL import Image
from PIL import ImageDraw
from PIL import ImageFont
from PIL import ImageDraw
from PIL import Image
from PIL import ImageFont
from PIL import ImageDraw
from PIL import Image
from PIL import ImageDraw
from PIL import Image
from PIL import ImageDraw
from PIL import Image
from PIL import ImageDraw
from PIL import Image
from PIL import ImageDraw
from PIL import Image
from PIL import ImageDraw
from PIL import Image
from PIL import ImageDraw
from P",T2C-SO GPTNEO FINETUNED-SO,T2C-SO-GPTNEO-FINETUNED-SO.csv,True,1,1,1,no,1,0,0
2022-08-26 19:44:32,Anonymous,Right,"""""""extract text from a pdf file""""""","
pdf.extractText(pdf.open('test.pdf'))

",T2C-SO GPTNEO FINETUNED-CONALA,T2C-SO-GPTNEO-FINETUNED-CONALA.csv,True,4,3,4,yes,1,0,0
2022-08-26 19:45:41,Anonymous,Left,"""""""find area coordinates of a invoice table in pdf file using python""""""","

import os
import sys
import re
import shutil
import time
import math
import numpy as np
import csv
import argparse
import os.path
import csv
import os
import math
import os
import csv
import argparse
import os.path
import csv
import argparse
import os.path
import csv
import argparse
import os.path
import csv
import argparse
import os.path
import csv
import argparse
import os.path
import csv
import argparse
import os",T2C-SO GPTNEO VANILLA,T2C-SO-GPTNEO-VANILLA.csv,True,3,1,1,no,0,1,0
2022-08-26 19:45:41,Anonymous,Right,"""""""find area coordinates of a invoice table in pdf file using python""""""","

import PyPDF2
import re
import os
import sys
import pandas as pd
import numpy as np
import matplotlib.pyplot as plt
from matplotlib.backends.backend_pdf import PdfPages

",T2C-SO CODEGEN VANILLA,T2C-SO-CODEGEN-VANILLA.csv,True,3,1,1,no,0,1,0
2022-09-08 11:39:24,Anonymous,Left,"import itertools
import ast
import string
import re
import google

def remove():
    """"""remove all special characters, punctuation and spaces from a string `mystring` using regex""""""
    ","re.sub('[^a-zA-Z0-9\s]', '', mystring)

",T2C-CONALA CODEGEN2B FINETUNED-CONALA-IMPORTS,T2C-CONALA-CODEGEN2B-FINETUNED-CONALA-IMPORTS.csv,True,5,5,5,yes,1,0,0
2022-09-08 11:39:24,Anonymous,Right,"""""""remove all special characters, punctuation and spaces from a string `mystring` using regex""""""","
re.sub('[^a-zA-Z0-9\s]', '', mystring)

",T2C-CONALA CODEGEN FINETUNED-CONALA,T2C-CONALA-CODEGEN-FINETUNED-CONALA.csv,True,5,5,5,yes,1,0,0
2022-09-08 11:40:29,Anonymous,Left,"""""""get json data from restful service 'url'""""""","
import requests
response = requests.get('http://www.example.com/api/v1/users/1')
print(response.json())
",T2C-CONALA CODEGEN FINETUNED-SO,T2C-CONALA-CODEGEN-FINETUNED-SO.csv,True,5,5,5,yes,1,0,0
2022-09-08 11:40:29,Anonymous,Right,"import json
import urllib
import pprint
import google
import string

def get():
    """"""get json data from restful service 'url'""""""
    ","response = urllib.request.urlopen('url')
    data = json.loads(response.read().decode('utf-8'))
    print(data)

",T2C-CONALA CODEGEN2B FINETUNED-CONALA-IMPORTS,T2C-CONALA-CODEGEN2B-FINETUNED-CONALA-IMPORTS.csv,True,5,5,4,yes,1,0,0
2022-09-08 11:41:03,Anonymous,Left,"""""""create a static file in django""""""","
from django.conf import settings
settings.STATIC_URL = '/static/'
settings.STATIC_ROOT = '/static/'
settings.STATIC_ROOT = '/static/'
settings.STATIC_ROOT = '/static/'
settings.STATIC_ROOT = '/static/'
settings.STATIC_ROOT = '/static/'
settings.STATIC_ROOT = '/static/'
settings.STATIC_ROOT = '/static/'
settings.STATIC_ROOT = '/static/'
settings.STAT",T2C-SO GPTNEO FINETUNED-SO,T2C-SO-GPTNEO-FINETUNED-SO.csv,True,2,1,1,no,1,0,0
2022-09-08 11:41:03,Anonymous,Right,"""""""create a static file in django""""""","
from django.conf import settings
from django.http import HttpResponse
",T2C-SO CODEGEN FINETUNED-SO,T2C-SO-CODEGEN-FINETUNED-SO.csv,True,4,1,1,no,1,0,0
2022-09-08 11:41:36,Anonymous,Left,"""""""get all the classes in a module""""""","
import inspect
inspect.getmembers(module, inspect.isclass)
[(name, obj) for name, obj in inspect.getmembers(module) if inspect.isclass(obj)]
[obj for name, obj in inspect.getmembers(module) if inspect.isclass(obj)]
[obj for name, obj in inspect.getmembers(module) if inspect.isclass(obj) and name!='module']
[obj for name, obj in inspect.getmembers(module) if inspect.isclass(obj) and name!='module']
[obj",T2C-SO CODEGEN FINETUNED-SO,T2C-SO-CODEGEN-FINETUNED-SO.csv,True,3,4,4,yes,1,0,0
2022-09-08 11:41:36,Anonymous,Right,"""""""get all the classes in a module""""""","
import inspect
inspect.getmembers(module)
inspect.getmembers(module, inspect.ismethod)
inspect.getmembers(module, inspect.isclass)
inspect.getmembers(module, inspect.isfunction)
inspect.getmembers(module, inspect.ismethod)
inspect.getmembers(module, inspect.isbuiltin)
inspect.getmembers(module, inspect.isabstract)
inspect.getmembers(module, inspect.isabstractclass)
inspect.getmembers(module, inspect.isclass",T2C-SO GPTNEO FINETUNED-SO,T2C-SO-GPTNEO-FINETUNED-SO.csv,True,3,4,4,yes,1,0,0
2022-09-08 11:42:57,Anonymous,Left,"""""""convert a hex-string representation to actual bytes""""""","
hex_string = '\x01\x02\x03\x04'
hex_string.decode('hex')
b'\x01\x02\x03\x04'
b'\x01\x02\x03\x04'
b'\x01\x02\x03\x04'
b'\x01\x02\x03\x04'
b'\x01\x02\x03\x04'
b'\x01\x02\x03\x04'
b'",T2C-CONALA CODEGEN FINETUNED-SO,T2C-CONALA-CODEGEN-FINETUNED-SO.csv,True,4,2,1,no,1,0,0
2022-09-08 11:42:57,Anonymous,Right,"""""""convert a hex-string representation to actual bytes""""""","
bytes.hex('0x0x0x0x0x0x0x0x0x0x0x0x0x0x0x0x0x0x0x0x0x0x0x0x0x0x0x0x0x0x0x0x0x0x0x0x0x0x0x0x0x0x0x0x0x0x0x0x0x0x0x0x0x0x0x0x0x0x0x0x0x0",T2C-CONALA GPTNEO FINETUNED-CONALA,T2C-CONALA-GPTNEO-FINETUNED-CONALA.csv,True,4,3,1,no,1,0,0
2022-09-08 11:45:59,Anonymous,Left,"""""""use Postgresql Array field in Tortoise-ORM""""""","
class User(Model):
    name = CharField(max_length=50)
    age = IntField()
    friends = ArrayField(IntField())
    friends.add_listener(on_set_value)
    friends.add_listener(on_pre_save)
    friends.add_listener(on_post_save)
    friends.add_listener(on_pre_delete)
    friends.add_listener(on_post_delete)
    def __str__(self):
        return self.name
    ",T2C-SO CODEGEN FINETUNED-SO,T2C-SO-CODEGEN-FINETUNED-SO.csv,True,4,3,2,no,1,0,0
2022-09-08 11:45:59,Anonymous,Right,"""""""use Postgresql Array field in Tortoise-ORM""""""","
tortoise.connect('test_db')

",T2C-SO CODEGEN FINETUNED-CONALA,T2C-SO-CODEGEN-FINETUNED-CONALA.csv,True,5,2,1,no,1,0,0
2022-09-08 11:47:32,Anonymous,Left,"import requests
import subprocess
import io
import json
import os

def open():
    """"""open a file `Output.txt` in append mode""""""
    ","f = open('Output.txt', 'a')

",T2C-CONALA CODEGEN2B FINETUNED-CONALA-IMPORTS,T2C-CONALA-CODEGEN2B-FINETUNED-CONALA-IMPORTS.csv,True,5,5,5,yes,1,0,0
2022-09-08 11:47:32,Anonymous,Right,"""""""open a file `Output.txt` in append mode""""""","
with open('Output.txt', 'a') as f:
    f.write(str(data))
    f.write('\n')
    f.close()
    f = open('Output.txt', 'r')
    print(f.read())
    f.close()
    f = open('Output.txt', 'w')
    f.write(str(data))
    f.close()
    f = open('Output.txt', 'r')
    print(f.read())
    f.close()
    f = open('",T2C-CONALA CODEGEN FINETUNED-SO,T2C-CONALA-CODEGEN-FINETUNED-SO.csv,True,4,4,4,yes,1,0,0
2022-09-08 13:09:28,Sergey Kovalchuk,Left,"""""""get rid of None values in dictionary `kwargs`""""""
   ","dict((k, v) for k, v in kwargs.items() if v is not None)

",T2C-CONALA CODEGEN2B FINETUNED-CONALA-IMPORTS,T2C-CONALA-CODEGEN2B-FINETUNED-CONALA-IMPORTS.csv,True,5,4,4,yes,1,0,0
2022-09-08 13:09:28,Sergey Kovalchuk,Right,How I can get rid of None values in dictionary?,"    def func(**kwargs):

        return kwargs

    return func
",T2C-CONALA COPILOT,T2C-CONALA-COPILOT.csv,True,3,2,1,no,0,0,0
2022-09-08 13:10:35,Sergey Kovalchuk,Left,How to find duplicate names using pandas?,"    x = pd.read_csv('../data/names.csv')

    print(x.name.value_counts())

    print(x.name.value_counts().index)

    print(x.name.value_counts().values)

    print(x.name.value_counts().index.values)

    print(x.name.value_counts().values.values)

    print(x.name.value_counts().index.values.values)

    print(x.name.value_counts().values.values.values)

    print(x.name.value_counts().index.values.values.values)

    print(x.name.value_counts().values.values.values.values)

    print(x.name.value_counts().index.values.values.values.values)

    print(x.name.value_counts().values.values.values.values.values)

    print(x.name.value_counts().index.values.values.values.values.values)

    print(x.name.value_counts().values.values.values.values.values.values)

    print(x.name.value_counts().index.values.values.values.values.values.values)

    print(x.name.value_counts().values.values.values.values.values.values.values)

    print(x.name.value_counts().index.values.values.values.values.values.values.values)

    print(x.name.value_counts().values.values.values.values.values.values.values.values)

    print(x.name.value_counts().index.values.values.values.values.values.values.values.values)

    print(x.name.value_counts().values.values.values.values.values.values.values.values.values)

    print(x.name.value_counts().index.values.values.values.values.values.values.values.
",T2C-CONALA COPILOT,T2C-CONALA-COPILOT.csv,True,4,4,3,modified,0,0,0
2022-09-08 13:10:35,Sergey Kovalchuk,Right,"""""""find duplicate names in column 'name' of the dataframe `x`""""""","
x['name'].value_counts().index[x['name'].value_counts() > 1]

",T2C-CONALA CODEGEN FINETUNED-CONALA,T2C-CONALA-CODEGEN-FINETUNED-CONALA.csv,True,5,4,4,yes,1,0,0
2022-09-12 12:07:41,Sergey Kovalchuk,Left,"""""""unzip the list `[('a', 1), ('b', 2), ('c', 3), ('d', 4)]`""""""
   ","zip(*[('a', 1), ('b', 2), ('c', 3), ('d', 4)])

",T2C-CONALA CODEGEN2B FINETUNED-CONALA-IMPORTS,T2C-CONALA-CODEGEN2B-FINETUNED-CONALA-IMPORTS.csv,True,5,5,5,yes,1,0,0
2022-09-12 12:07:41,Sergey Kovalchuk,Right,inverse of zip,"    myList = [('a', 1), ('b', 2), ('c', 3), ('d', 4)]

    print(list(zip(*myList)))
",T2C-CONALA COPILOT,T2C-CONALA-COPILOT.csv,True,5,5,4,yes,0,0,0
2022-09-12 12:08:20,Sergey Kovalchuk,Left,String Slicing Python,"    s = ""This is a string with a comma,,""

    print(s.rstrip("",""))
",T2C-CONALA COPILOT,T2C-CONALA-COPILOT.csv,True,5,2,1,no,0,0,0
2022-09-12 12:08:20,Sergey Kovalchuk,Right,"""""""remove last comma character ',' in string `s`""""""","
s = s[:-1]
s = s[:-1]
s = s[:-1]
s = s[:-1]
s = s[:-1]
s = s[:-1]
s = s[:-1]
s = s[:-1]
s = s[:-1]
s = s[:-1]
s = s[:-1]
s = s[:-1]
s = s[:-1]
s = s[:-1]
s = s[:-1]
s = s[:-1]",T2C-CONALA CODEGEN FINETUNED-SO,T2C-CONALA-CODEGEN-FINETUNED-SO.csv,True,4,2,1,no,1,0,0
2022-09-13 11:26:31,Anonymous,Left,"""""""erase all the contents of a file `filename`""""""
   ","open(filename, 'w').close()

",T2C-CONALA CODEGEN2B FINETUNED-CONALA-IMPORTS,T2C-CONALA-CODEGEN2B-FINETUNED-CONALA-IMPORTS.csv,True,5,5,4,yes,1,0,0
2022-09-13 11:26:31,Anonymous,Right,"""""""erase all the contents of a file `filename`""""""","
os.remove(filename)

",T2C-CONALA CODEGEN FINETUNED-CONALA,T2C-CONALA-CODEGEN-FINETUNED-CONALA.csv,True,5,4,3,modified,1,0,0
2022-09-13 12:14:03,Anonymous,Left,"""""""Split a string by a delimiter in python""""""","
print(re.split('\\s+', 'a b c d e f g h i j k l m n o p q r s t u v w x y z'))
",T2C-CONALA CODEGEN FINETUNED-CONALA,T2C-CONALA-CODEGEN-FINETUNED-CONALA.csv,True,2,2,2,no,1,0,0
2022-09-13 12:14:03,Anonymous,Right,"""""""Split a string by a delimiter in python""""""
   ","re.split('\\W+', 'This is a string with a delimiter')

",T2C-CONALA CODEGEN2B FINETUNED-CONALA-IMPORTS,T2C-CONALA-CODEGEN2B-FINETUNED-CONALA-IMPORTS.csv,True,2,2,2,no,1,0,0
2022-09-13 12:24:06,Arthur,Left,"""""""Convert  DateTime column 'date' of pandas dataframe 'df' to ordinal""""""","
df['date'].apply(lambda x: x.toordinal())
df['date'] = df['date'].apply(lambda x: x.toordinal())

df['date'] = df['date'].apply(lambda x: datetime.datetime.fromordinal(x))
df['date'] = df['date'].apply(lambda x: x.strftime('%Y-%m-%d'))
df['date'] = df['date'].apply(lambda x: datetime.datetime.strptime(x, '",T2C-CONALA CODEGEN FINETUNED-CONALA,T2C-CONALA-CODEGEN-FINETUNED-CONALA.csv,True,3,1,1,no,1,0,0
2022-09-13 12:24:06,Arthur,Right,"""""""Convert  DateTime column 'date' of pandas dataframe 'df' to ordinal""""""
   ","df['date'] = pd.to_datetime(df['date'], format='%Y-%m-%d')
    df['date'] = df['date'].map(lambda x: x.toordinal())

def Convert():
    """"""Convert  DateTime column 'date' of pandas dataframe 'df' to ordinal""""""
    df['date'] = pd.to_datetime(df['date'], format='%Y-%m-%d')
    df['date'] = df['date'].map(lambda x",T2C-CONALA CODEGEN2B FINETUNED-CONALA-IMPORTS,T2C-CONALA-CODEGEN2B-FINETUNED-CONALA-IMPORTS.csv,True,3,1,1,no,1,0,0
2022-09-13 12:25:40,Arthur,Left,"""""""Send a post request with raw data `DATA` and basic authentication with `username` and `password`""""""","
request.post('http://httpbin.org/post', data=DATA, auth=('username', 'password'))
",T2C-CONALA CODEGEN FINETUNED-CONALA,T2C-CONALA-CODEGEN-FINETUNED-CONALA.csv,True,3,4,4,yes,1,0,0
2022-09-13 12:25:40,Arthur,Right,"""""""Send a post request with raw data `DATA` and basic authentication with `username` and `password`""""""","
import requests
response = requests.post(url, data=DATA, auth=HTTPBasicAuth(username, password))
print(response.text)
",T2C-CONALA CODEGEN FINETUNED-SO,T2C-CONALA-CODEGEN-FINETUNED-SO.csv,True,3,2,2,no,1,0,0
2022-09-13 12:26:49,Arthur,Left,determine the variable type,"    v = input(""Enter a number: "")

    if v.isdigit():

        print(""It's a digit"")

    elif v.isalpha():

        print(""It's a letter"")

    else:

        print(""It's a string"")

    return v
",T2C-CONALA COPILOT,T2C-CONALA-COPILOT.csv,True,4,4,4,yes,0,0,0
2022-09-13 12:26:49,Arthur,Right,"""""""determine the type of variable `v`""""""","
type(v)
type(v) == int
type(v) == float
type(v) == str
type(v) == bool
type(v) == list
type(v) == tuple
type(v) == set
type(v) == dict
type(v) == NoneType
type(v) == type(None)
type(v) == object
type(v) == type(None)
type(v) == type(None)
type(v) == type(None)
type(v) == type(None)
type",T2C-CONALA CODEGEN FINETUNED-SO,T2C-CONALA-CODEGEN-FINETUNED-SO.csv,True,1,1,1,no,1,0,0
2022-09-13 13:38:32,Anastasia,Left,"""""""convert unicode string u""{'code1':1,'code2':1}"" into dictionary""""""","
{'code1':1,'code2':1}
{'code1':1,'code2':1}
{'code1':1,'code2':1}
{'code1':1,'code2':1}
{'code1':1,'code2':1}
{'code1':1,'code2':1}
{'code1':1,'code2':1}
{'code1':1,'code2':1}
{'code1':1,'code2':1}
{'code1':1,'code2':",T2C-CONALA GPTNEO FINETUNED-SO,T2C-CONALA-GPTNEO-FINETUNED-SO.csv,True,1,1,1,no,1,0,0
2022-09-13 13:38:32,Anastasia,Right,Convert unicode string dictionary into dictionary in python,"    ustring = u""{'code1':1,'code2':1}""

    print(ustring.encode(""utf-8"").decode(""utf-8""))
",T2C-CONALA COPILOT,T2C-CONALA-COPILOT.csv,True,5,2,3,modified,0,0,0
2022-09-13 13:41:13,Anastasia,Left,"""""""replace all elements in array `A` that are not present in array `[1, 3, 4]` with zeros""""""","
A = [1, 3, 4]
A[A!= [1, 3, 4]] = 0
A
A[A!= [1, 3, 4]] = 0
A
A[A!= [1, 3, 4]] = 0
A
A[A!= [1, 3, 4]] = 0
A
A[A!= [1, 3, 4]] = 0
A
A[A!= [1, 3, 4]] = 0
A
A[A!= [1, 3, 4]] = 0
A
A[A!= [",T2C-CONALA GPTNEO FINETUNED-SO,T2C-CONALA-GPTNEO-FINETUNED-SO.csv,True,2,1,1,no,1,0,0
2022-09-13 13:41:13,Anastasia,Right,"""""""replace all elements in array `A` that are not present in array `[1, 3, 4]` with zeros""""""","
a = [1, 3, 4]
a[a.index(1):] = [0] * (len(a) - a.index(1))
print(a)
a[a.index(1):] = [0] * (len(a) - a.index(1))
",T2C-CONALA CODEGEN FINETUNED-SO,T2C-CONALA-CODEGEN-FINETUNED-SO.csv,True,4,1,1,no,1,0,0
2022-09-13 13:43:00,Anastasia,Left,"""""""convert unicode string `s` to ascii""""""","
s.encode('ascii', 'ignore')

",T2C-CONALA CODEGEN FINETUNED-CONALA,T2C-CONALA-CODEGEN-FINETUNED-CONALA.csv,True,2,1,2,no,1,0,0
2022-09-13 13:43:00,Anastasia,Right,"""""""convert unicode string `s` to ascii""""""","
import unicodedata
s = u'\u0627\u0631\u0627\u062f'
print unicodedata.normalize('NFD', s)
",T2C-CONALA GPTNEO FINETUNED-SO,T2C-CONALA-GPTNEO-FINETUNED-SO.csv,True,2,1,2,no,1,0,0
2022-09-13 13:49:14,Anastasia,Left,"""""""join together with "","" elements inside a list indexed with 'category' within a dictionary `trans`""""""","
for key, value in trans.items():
    trans[key] = ','.join(value)
print(trans)
",T2C-CONALA CODEGEN FINETUNED-SO,T2C-CONALA-CODEGEN-FINETUNED-SO.csv,True,5,3,4,yes,1,0,0
2022-09-13 13:49:14,Anastasia,Right,"""""""join together with "","" elements inside a list indexed with 'category' within a dictionary `trans`""""""","
trans.items()[category].join(',')

print(trans)

Output:
{'category': ['1', '2', '3', '4', '5', '6', '7', '8', '9', '10', '11', '12', '13', '14', '15', '16', '17', '18', '19', '20', '21', '22', '23', '24', '25', '26', '27', '28', '29', '30', '31', '32', '33', '34",T2C-CONALA GPTNEO FINETUNED-CONALA,T2C-CONALA-GPTNEO-FINETUNED-CONALA.csv,True,1,1,1,no,1,0,0
2022-09-13 13:50:24,Anastasia,Left,Python how to write to a binary file?,"    newFileBytes = b'\x00\x01\x02\x03\x04\x05\x06\x07\x08\x09\x0a\x0b\x0c\x0d\x0e\x0f'

    newFile = 'newFile.bin'

    with open(newFile, 'wb') as f:

        f.write(newFileBytes)

    print('Wrote', len(newFileBytes), 'bytes to', newFile)

    return newFile
",T2C-CONALA COPILOT,T2C-CONALA-COPILOT.csv,True,4,2,3,modified,0,0,0
2022-09-13 13:50:24,Anastasia,Right,"""""""write `newFileBytes` to a binary file `newFile`""""""","
with open(newFile, 'wb') as f:
    f.write(newFileBytes)
    f.close()
with open(newFile, 'rb') as f:
    newFileBytes = f.read()
    f.close()
with open(newFile, 'wb') as f:
    f.write(newFileBytes)
    f.close()
with open(newFile, 'rb') as f:
    newFileBytes = f.read()
    f.close()
with open(newFile, 'wb') as f",T2C-CONALA CODEGEN FINETUNED-SO,T2C-CONALA-CODEGEN-FINETUNED-SO.csv,True,4,4,4,yes,1,0,0
2022-09-13 13:51:44,Anastasia,Left,"""""""create a list containing each two adjacent letters in string `word` as its elements""""""
   ","[word[i:i + 2] for i in range(0, len(word), 2)]

",T2C-CONALA CODEGEN2B FINETUNED-CONALA-IMPORTS,T2C-CONALA-CODEGEN2B-FINETUNED-CONALA-IMPORTS.csv,True,4,2,2,no,1,0,0
2022-09-13 13:51:44,Anastasia,Right,"""""""Get a list of pairs from a string `word` using lambda function""""""","
import re
s = ""I am a dog""
re.findall(r'\w+', s)
re.findall(r'\w+', s)
re.findall(r'\w+', s)
re.findall(r'\w+', s)
re.findall(r'\w+', s)
re.findall(r'\w+', s)
re.findall(r'\w+', s)
re.findall(r'\w+', s)
re.find",T2C-CONALA GPTNEO FINETUNED-SO,T2C-CONALA-GPTNEO-FINETUNED-SO.csv,True,1,1,1,no,1,0,0
2022-09-13 13:53:28,Anastasia,Left,"""""""get the last key of dictionary `dict`""""""
   ","dict.keys()[-1]

",T2C-CONALA CODEGEN2B FINETUNED-CONALA-IMPORTS,T2C-CONALA-CODEGEN2B-FINETUNED-CONALA-IMPORTS.csv,True,4,1,2,no,1,0,0
2022-09-13 13:53:28,Anastasia,Right,Last Key in Python Dictionary,"    def func(dict):

        return list(dict.keys())[-1]

    return func
",T2C-CONALA COPILOT,T2C-CONALA-COPILOT.csv,True,4,1,3,modified,0,0,0
2022-09-13 15:20:37,Gorbatovski,Left,"""""""find all words in a string `mystring` that start with the `$` sign""""""","
re.findall('^\\$(\\w+)', mystring)
",T2C-CONALA CODEGEN FINETUNED-CONALA,T2C-CONALA-CODEGEN-FINETUNED-CONALA.csv,True,4,2,4,yes,1,0,0
2022-09-13 15:20:37,Gorbatovski,Right,"""""""find all words in a string `mystring` that start with the `$` sign""""""","
import re
mystring = '$this is a $string'
re.findall(r'\$\w+', mystring)
re.findall(r'\$\w+', mystring)
re.findall(r'\$\w+', mystring)
re.findall(r'\$\w+', mystring)
re.findall(r'\$\w+', mystring)
re.findall(r'\$\w+', mystring)
re.findall(r'\$\",T2C-CONALA CODEGEN FINETUNED-SO,T2C-CONALA-CODEGEN-FINETUNED-SO.csv,True,3,5,4,yes,1,0,0
2022-09-13 15:22:22,Gorbatovski,Left,"""""""convert list `[('Name', 'Joe'), ('Age', 22)]` into a dictionary""""""","
{'Name': 'Joe', 'Age': 22}
{'Name': 'Joe', 'Age': 22}
{'Name': 'Joe', 'Age': 22}
{'Name': 'Joe', 'Age': 22}
{'Name': 'Joe', 'Age': 22}
{'Name': 'Joe', 'Age': 22}
{'Name': 'Joe', 'Age': 22}
{'Name': 'Joe', 'Age': 22}
{'Name': 'Joe', 'Age': 22}
{'Name': 'Joe', 'Age':",T2C-CONALA GPTNEO FINETUNED-SO,T2C-CONALA-GPTNEO-FINETUNED-SO.csv,True,2,2,1,no,1,0,0
2022-09-13 15:22:22,Gorbatovski,Right,"""""""convert list `[('Name', 'Joe'), ('Age', 22)]` into a dictionary""""""","
dict(zip(['Name', 'Age'], [x[0] for x in lst]))
dict(zip(['Name', 'Age'], [x[1] for x in lst]))
dict(zip(['Name', 'Age'], [x[0] for x in lst]))[x[1] for x in lst]
dict(zip(['Name', 'Age'], [x[1] for x in lst]))[x[0] for x in lst]
dict(zip(['Name', 'Age",T2C-CONALA CODEGEN FINETUNED-SO,T2C-CONALA-CODEGEN-FINETUNED-SO.csv,True,3,1,2,no,1,0,0
2022-09-13 15:24:07,Gorbatovski,Left,"""""""get digits only from a string `aas30dsa20` using lambda function""""""","
import re
re.findall(r'\d+', aas30dsa20)
re.findall(r'\d+', aas30dsa20)
re.findall(r'\d+', aas30dsa20)
re.findall(r'\d+', aas30dsa20)
re.findall(r'\d+', aas30dsa20)
re.findall(r'\d+', aas30dsa20)
re.findall(r'\d+",T2C-CONALA GPTNEO FINETUNED-SO,T2C-CONALA-GPTNEO-FINETUNED-SO.csv,True,4,4,3,modified,1,0,0
2022-09-13 15:24:07,Gorbatovski,Right,"""""""get digits only from a string `aas30dsa20` using lambda function""""""
   ","re.findall('\\d+', aas30dsa20)

",T2C-CONALA CODEGEN2B FINETUNED-CONALA-IMPORTS,T2C-CONALA-CODEGEN2B-FINETUNED-CONALA-IMPORTS.csv,True,5,4,5,yes,1,0,0
2022-09-13 15:25:01,Gorbatovski,Left,"""""""converting list of strings `intstringlist` to list of integer `nums`""""""","
intstringlist = [int(i) for i in stringlist]
nums = [int(i) for i in stringlist]
nums = [int(i) for i in stringlist]
nums = [int(i) for i in stringlist]
nums = [int(i) for i in stringlist]
nums = [int(i) for i in stringlist]
nums = [int(i) for i in stringlist]
nums = [int(i) for i in stringlist]
nums = [int(",T2C-CONALA GPTNEO FINETUNED-SO,T2C-CONALA-GPTNEO-FINETUNED-SO.csv,True,5,4,4,yes,1,0,0
2022-09-13 15:25:01,Gorbatovski,Right,"""""""converting list of strings `intstringlist` to list of integer `nums`""""""","
import re
re.findall(r'\d+', '1,2,3,4,5')
re.findall(r'\d+', '1,2,3,4,5')
re.findall(r'\d+', '1,2,3,4,5')
re.findall(r'\d+', '1,2,3,4,5')
re.findall(r'\d+', '1,2,3,4,5')
re.findall(r'\d",T2C-CONALA CODEGEN FINETUNED-SO,T2C-CONALA-CODEGEN-FINETUNED-SO.csv,True,2,2,1,no,1,0,0
2022-09-13 16:52:59,Anastasia,Left,"""""""reverse the list that contains 1 to 10""""""","
a = [1, 2, 3, 4, 5, 6, 7, 8, 9, 10]
a[::-1]
a[::-2]
a[::-3]
a[::-4]
a[::-5]
a[::-6]
a[::-7]
a[::-8]
a[::-9]
a[::-10]
a[::-11]
a[::-12]
a[::-13]
a[::-14]
a[::-15",T2C-CONALA CODEGEN FINETUNED-SO,T2C-CONALA-CODEGEN-FINETUNED-SO.csv,True,1,2,3,modified,1,0,0
2022-09-13 16:52:59,Anastasia,Right,"""""""reverse the list that contains 1 to 10""""""
   ","[x for x in range(10, 0, -1)]

",T2C-CONALA CODEGEN2B FINETUNED-CONALA-IMPORTS,T2C-CONALA-CODEGEN2B-FINETUNED-CONALA-IMPORTS.csv,True,5,5,5,yes,1,0,0
2022-09-14 11:47:47,Sergey Kovalchuk,Left,"""""""join together with "","" elements inside a list indexed with 'category' within a dictionary `trans`""""""","
trans = {'category': ['a', 'b', 'c', 'd'], 'value': [1, 2, 3, 4]}
trans.get('category', [])
trans.get('category', [])
trans.get('category', [])
trans.get('category', [])
trans.get('category', [])
trans.get('category', [])
trans.get('category', [])
trans.get('category', [])
trans.get('category', [])
trans.get('category', [])
trans.get('category",T2C-CONALA GPTNEO FINETUNED-SO,T2C-CONALA-GPTNEO-FINETUNED-SO.csv,True,4,2,1,no,1,0,0
2022-09-14 11:47:47,Sergey Kovalchuk,Right,"""""""join together with "","" elements inside a list indexed with 'category' within a dictionary `trans`""""""
   ","print(','.join(['{0}'.format(x) for x in list(trans['category'].values)]))

",T2C-CONALA CODEGEN2B FINETUNED-CONALA-IMPORTS,T2C-CONALA-CODEGEN2B-FINETUNED-CONALA-IMPORTS.csv,True,5,4,4,yes,1,0,0
2022-09-14 12:39:01,Anonymous,Left,"""""""convert a raw string `raw_byte_string` into a normal string""""""","
import string
raw_byte_string = '\x00\x00\x00\x00\x00\x00\x00\x00\x00\x00\x00\x00\x00\x00\x00\x00\x00\x00\x00\x00\x00\x00\x00\x00\x00\x00\x00\x00\x00\x00\x00\x00\x00\x00\x00\x00\x00\x00\x00",T2C-CONALA GPTNEO FINETUNED-SO,T2C-CONALA-GPTNEO-FINETUNED-SO.csv,True,1,1,1,no,1,0,0
2022-09-14 12:39:01,Anonymous,Right,"""""""decode string ""\\x89\\n"" into a normal string""""""","
import re
s = ""\\x89\\n""
re.sub(r'[\x80-\xFF]', '', s)
s = re.sub(r'[\x80-\xFF]', '', s)
s = s.decode('utf-8')
s
s
s
s
s
s
s
s
s
s
s
s
s
s
s
s
s
s
s
s
s
s
s
s
s
s
s
s
s
",T2C-CONALA GPTNEO FINETUNED-SO,T2C-CONALA-GPTNEO-FINETUNED-SO.csv,True,2,2,2,no,1,0,0
2022-09-14 12:41:24,Anonymous,Left,"""""""modify sys.path for python module `subdir`""""""","
import sys
sys.path.append('subdir')
import foo
foo.bar()
sys.path.remove('subdir')
import foo
foo.bar()
sys.path.remove('subdir')
import foo
foo.bar()
sys.path.remove('subdir')
import foo
foo.bar()
sys.path.remove('subdir')
import foo
foo.bar()
sys.path.remove('subdir')
import foo
foo.bar()
sys.path.remove('subdir')
import foo
foo.bar",T2C-CONALA CODEGEN FINETUNED-SO,T2C-CONALA-CODEGEN-FINETUNED-SO.csv,True,2,4,4,yes,1,0,0
2022-09-14 12:41:24,Anonymous,Right,"""""""Insert directory 'apps' into directory `__file__`""""""","
os.mkdir('apps')
os.mkdir('__file__')
os.mkdir('apps/__file__')

print(os.path.join('apps', '__file__'))
",T2C-CONALA GPTNEO FINETUNED-CONALA,T2C-CONALA-GPTNEO-FINETUNED-CONALA.csv,True,1,1,1,no,1,0,0
2022-09-14 12:57:27,Sergey Kovalchuk,Left,Removing an item from list matching a substring - Python,"    sents = [""@$\tThis is a test"", ""This is a test"", ""This is a test"", ""#This is a test"", ""This is a test""]

    sents = [s for s in sents if not s.startswith(""#"")]

    sents = [s for s in sents if not s.startswith(""@$\t"")]

    print(sents)
",T2C-CONALA COPILOT,T2C-CONALA-COPILOT.csv,True,4,3,1,no,0,0,0
2022-09-14 12:57:27,Sergey Kovalchuk,Right,"""""""Remove all strings from a list a strings `sents` where the values starts with `@$\t` or `#`""""""","
sents = [sent for sent in sents if not sent.startswith(""@$"")]
sents = [sent for sent in sents if not sent.startswith(""#",T2C-CONALA CODEGEN FINETUNED-SO,T2C-CONALA-CODEGEN-FINETUNED-SO.csv,True,4,3,1,no,1,0,0
2022-09-14 13:21:12,Anonymous,Left,"""""""find the index of an element 'MSFT' in a list `stocks_list`""""""","
import re
re.search(r'\bMSFT\b',''.join(stocks_list)).start()
re.search(r'\bMSFT\b',''.join(stocks_list)).end()
re.search(r'\bMSFT\b',''.join(stocks_list)).group()
re.search(r'\bMSFT\b',''.join(stocks_list)).group().start()
re.search(r'\bMSFT\b',''.join(stocks_list)).group().end()
",T2C-CONALA CODEGEN FINETUNED-SO,T2C-CONALA-CODEGEN-FINETUNED-SO.csv,True,4,2,1,no,1,0,0
2022-09-14 13:21:12,Anonymous,Right,"How to find the position of an element in a list , in Python?","    stocks_list = [""GOOG"", ""MSFT"", ""AAPL"", ""AMZN"", ""FB"", ""TWTR""]

    print(stocks_list.index(""MSFT""))
",T2C-CONALA COPILOT,T2C-CONALA-COPILOT.csv,True,5,5,4,yes,0,0,0
2022-09-14 13:21:54,Anonymous,Left,"""""""sum all elements of nested list `L`""""""","
sum(sum(L, []))
sum(sum(L, []))
sum(sum(L, []))
sum(sum(L, []))
sum(sum(L, []))
sum(sum(L, []))
sum(sum(L, []))
sum(sum(L, []))
sum(sum(L, []))
sum(sum(L, []))
sum(sum(L, []))
sum(sum(L, []))
sum(sum(L, []))
sum(sum(L, []))
sum",T2C-CONALA CODEGEN FINETUNED-SO,T2C-CONALA-CODEGEN-FINETUNED-SO.csv,True,3,2,1,no,1,0,0
2022-09-14 13:21:54,Anonymous,Right,"""""""sum all elements of nested list `L`""""""","
sum(L)

A:

You can use itertools.groupby to group the elements of list L by the key 'key' and sum the values of each group:
sum(itertools.groupby(L, key=lambda x: x[1]))

A:

You can use itertools.groupby to group the elements of list L by the key 'key' and sum the values of each group:
sum(itertools.groupby(L, key=lambda x: x[1]))

A:

You",T2C-CONALA GPTNEO FINETUNED-CONALA,T2C-CONALA-GPTNEO-FINETUNED-CONALA.csv,True,2,2,2,no,1,0,0
2022-09-14 13:22:32,Sergey Kovalchuk,Left,"""""""Create multidimensional array `matrix` with 3 rows and 2 columns in python""""""
   ","matrix = np.zeros((3, 2))

",T2C-CONALA CODEGEN2B FINETUNED-CONALA-IMPORTS,T2C-CONALA-CODEGEN2B-FINETUNED-CONALA-IMPORTS.csv,True,5,4,4,yes,1,0,0
2022-09-14 13:22:32,Sergey Kovalchuk,Right,"""""""Create multidimensional array `matrix` with 3 rows and 2 columns in python""""""","
matrix = [[1, 2, 3], [4, 5, 6], [7, 8, 9]]
matrix = [[[1, 2, 3], [4, 5, 6]], [[7, 8, 9], [10, 11, 12]]]
matrix = [[[1, 2, 3], [4, 5, 6]], [[7, 8, 9], [10, 11, 12]]]
matrix = [[[1, 2, 3], [4, 5, 6]], [[7, 8, 9], [10, 11, 12",T2C-CONALA GPTNEO FINETUNED-SO,T2C-CONALA-GPTNEO-FINETUNED-SO.csv,True,4,3,1,no,1,0,0
2022-09-14 13:45:28,Anonymous,Left,Is there a function in Python to split a string without ignoring the spaces?,"    mystring = ""This is a string. It is split into separate strings.""

    print(mystring.split())
",T2C-CONALA COPILOT,T2C-CONALA-COPILOT.csv,True,5,5,5,yes,0,0,0
2022-09-14 13:45:28,Anonymous,Right,"""""""split a string `mystring` considering the spaces ' '""""""","
s ='mystring'
s.split()
s.split(' ')
s.split(' ')[1]
s.split(' ')[1].split()[0]
s.split(' ')[1].split()[0].split('-')[0]
s.split(' ')[1].split()[0].split('-')[0].split('.')[0]
s.split(' ')[1].split()[0].split('-')[0].split('.')[0].split('/')[0]
s.split",T2C-CONALA CODEGEN FINETUNED-SO,T2C-CONALA-CODEGEN-FINETUNED-SO.csv,True,1,1,1,no,1,0,0
2022-09-14 13:46:18,Anonymous,Left,"""""""add a header to a csv file""""""","
csv.writer('file.csv', delimiter=',', quoting=csv.QUOTE_NONE)
csv.writer('file.csv', delimiter=',', quoting=csv.QUOTE_NONE)
csv.writer('file.csv', delimiter=',', quoting=csv.QUOTE_NONE)
csv.writer('file.csv', delimiter=',', quoting=csv.QUOTE_NONE)
csv.writer('file.csv', delimiter=',', quoting=csv.QUOTE_NONE)
csv.writer('file.csv",T2C-CONALA GPTNEO FINETUNED-CONALA,T2C-CONALA-GPTNEO-FINETUNED-CONALA.csv,True,1,1,1,no,1,0,0
2022-09-14 13:46:18,Anonymous,Right,"""""""add a header to a csv file""""""
   ","df.to_csv('myfile.csv', header=True)

",T2C-CONALA CODEGEN2B FINETUNED-CONALA-IMPORTS,T2C-CONALA-CODEGEN2B-FINETUNED-CONALA-IMPORTS.csv,True,5,5,5,yes,1,0,0
2022-09-14 13:52:13,Anonymous,Left,"""""""Sort a list of tuples `b` by third item in the tuple""""""","
sorted(b, key=lambda x: x[2])

This will sort the list `b` by the third item in each tuple in the list `b` in ascending order.

",T2C-CONALA GPTNEO FINETUNED-CONALA,T2C-CONALA-GPTNEO-FINETUNED-CONALA.csv,True,5,5,5,yes,1,0,0
2022-09-14 13:52:13,Anonymous,Right,"""""""Sort a list of tuples `b` by third item in the tuple""""""","
b = [('a', 1), ('b', 2), ('c', 3)]
b.sort(key=lambda x: x[1])
b
b.sort(key=lambda x: x[1])
b.sort(key=lambda x: x[1])
b.sort(key=lambda x: x[1])
b.sort(key=lambda x: x[1])
b.sort(key=lambda x: x[1])
b.sort(key=lambda x: x[1])
b.sort(key=lambda x",T2C-CONALA GPTNEO FINETUNED-SO,T2C-CONALA-GPTNEO-FINETUNED-SO.csv,True,1,1,1,no,1,0,0
2022-09-14 13:53:50,XXZ,Left,"""""""read a file `file` without newlines""""""","
file.read()

print(file.read())

",T2C-CONALA GPTNEO FINETUNED-CONALA,T2C-CONALA-GPTNEO-FINETUNED-CONALA.csv,True,1,1,1,no,1,0,0
2022-09-14 13:55:05,XXZ,Left,"""""""generate all 2-element subsets of tuple `(1, 2, 3)`""""""","
[(1, 2), (1, 3), (2, 3)]
[(1, 2), (2, 3), (1, 3)]
[(1, 2), (2, 3), (3, 1)]
[(1, 2), (2, 3), (3, 2)]
[(1, 2), (2, 3), (3, 3)]
[(1, 2), (2, 3), (3, 1), (1, 3)]
[(1, 2), (2, 3), (3, 2), (1, 3",T2C-CONALA CODEGEN FINETUNED-SO,T2C-CONALA-CODEGEN-FINETUNED-SO.csv,True,1,1,1,no,1,0,0
2022-09-14 13:55:05,XXZ,Right,Generate all subsets of size k (containing k elements) in Python,"    print(tuple(itertools.combinations((1, 2, 3), 2)))
",T2C-CONALA COPILOT,T2C-CONALA-COPILOT.csv,True,4,4,4,yes,0,0,0
2022-09-14 13:59:06,XXZ,Left,"""""""split a string `s` with into all strings of repeated characters""""""
   ","re.findall('(.)\\1+', s)

",T2C-CONALA CODEGEN2B FINETUNED-CONALA-IMPORTS,T2C-CONALA-CODEGEN2B-FINETUNED-CONALA-IMPORTS.csv,True,5,5,5,yes,1,0,0
2022-09-14 13:59:06,XXZ,Right,"""""""split a string `s` with into all strings of repeated characters""""""","
s = ""abcdefghijklmnopqrstuvwxyz""
s = s.split()
s = [s[i:i+3] for i in range(0, len(s), 3)]
s = [s[i:i+3] for i in range(0, len(s), 3)]
s = [s[i:i+3] for i in range(0, len(s), 3)]
s = [s[i:i+3] for i in range(0, len(s), 3)]
s",T2C-CONALA GPTNEO FINETUNED-SO,T2C-CONALA-GPTNEO-FINETUNED-SO.csv,True,1,1,1,no,1,0,0
2022-09-14 14:00:20,XXZ,Left,"""""""convert a pandas series `sf` into a pandas dataframe `df` with columns `email` and `list`""""""","
df = pd.DataFrame(sf.values.tolist(), columns=['email', 'list'])
df['list'] = df['list'].apply(lambda x: json.loads(x))
df['list'] = df['list'].apply(lambda x: list(x.values()))
df['list'] = df['list'].apply(lambda x: list(map(int, x)))
df['list'] = df['list'].apply(lambda x: list(map(str, x)))
df['list'] = df['list",T2C-CONALA CODEGEN FINETUNED-CONALA,T2C-CONALA-CODEGEN-FINETUNED-CONALA.csv,True,4,4,4,yes,1,0,0
2022-09-14 14:00:20,XXZ,Right,"""""""convert a pandas series `sf` into a pandas dataframe `df` with columns `email` and `list`""""""","
df = df.set_index('email')
df.to_frame('list')
df.to_frame('list').columns
df.to_frame('list').columns.values
df.to_frame('list').columns.tolist()
df.to_frame('list').columns.tolist().values
df.to_frame('list').columns.tolist().tolist()
df.to_frame('list').columns.tolist().tolist().tolist()
df.to_frame('",T2C-CONALA GPTNEO FINETUNED-SO,T2C-CONALA-GPTNEO-FINETUNED-SO.csv,True,1,1,1,no,1,0,0
2022-09-14 14:01:47,XXZ,Left,"""""""rotate the xtick labels of matplotlib plot `ax` by `45` degrees to make long labels readable""""""","
ax.set_xticklabels([45])
ax.set_xticklabels([])
ax.set_xticklabels([])
ax.set_xticklabels([])
ax.set_xticklabels([])
ax.set_xticklabels([])
ax.set_xticklabels([])
ax.set_xticklabels([])
ax.set_xticklabels([])
ax.set_xticklabels([])
ax.set_xticklabels([])
ax.set_xt",T2C-CONALA GPTNEO FINETUNED-CONALA,T2C-CONALA-GPTNEO-FINETUNED-CONALA.csv,True,1,1,1,no,1,0,0
2022-09-14 14:01:47,XXZ,Right,"""""""rotate the xtick labels of matplotlib plot `ax` by `45` degrees to make long labels readable""""""","
plt.xticks(rotation=45)
plt.show()
plt.savefig('my_plot.png')
plt.close()
plt.show()
plt.savefig('my_plot.png')
plt.close()
plt.show()
plt.savefig('my_plot.png')
plt.close()
plt.show()
plt.savefig('my_plot.png')
plt.close()
plt.show()
plt.savefig('my_plot",T2C-CONALA CODEGEN FINETUNED-SO,T2C-CONALA-CODEGEN-FINETUNED-SO.csv,True,4,4,4,yes,1,0,0
2022-09-14 14:03:29,XXZ,Right,"""""""Sort a list of tuples `b` by third item in the tuple""""""","
b.sort(key=lambda x: x[2])

",T2C-CONALA CODEGEN FINETUNED-CONALA,T2C-CONALA-CODEGEN-FINETUNED-CONALA.csv,True,5,5,5,yes,1,0,0
2022-09-14 14:04:16,XXZ,Left,"""""""delete all instances of a character 'i' in a string 'it is icy'""""""","
re.sub('i', '', 'it is icy')

",T2C-CONALA CODEGEN FINETUNED-CONALA,T2C-CONALA-CODEGEN-FINETUNED-CONALA.csv,True,5,5,5,yes,1,0,0
2022-09-14 14:04:16,XXZ,Right,"""""""delete all characters ""i"" in string ""it is icy""""""""","
print(s.replace(""i"", """"))
",T2C-CONALA CODEGEN FINETUNED-SO,T2C-CONALA-CODEGEN-FINETUNED-SO.csv,True,5,5,5,yes,1,0,0
2022-09-14 14:06:23,XXZ,Left,"""""""create a DatetimeIndex containing 13 periods of the second friday of each month starting from date '2016-01-01'""""""","
from dateutil.relativedelta import relativedelta
from dateutil.relativedelta import relativedelta
from dateutil.relativedelta import relativedelta
from dateutil.relativedelta import relativedelta
from dateutil.relativedelta import relativedelta
from dateutil.relativedelta import relativedelta
from dateutil.relativedelta import relativedelta
from dateutil.relativedelta import relativedelta
from dateutil.relativedelta import relativedelta
from dateutil.relativedelta import relat",T2C-CONALA GPTNEO FINETUNED-SO,T2C-CONALA-GPTNEO-FINETUNED-SO.csv,True,1,1,1,no,1,0,0
2022-09-14 14:06:23,XXZ,Right,"""""""create a DatetimeIndex containing 13 periods of the second friday of each month starting from date '2016-01-01'""""""","
import pandas as pd
df = pd.read_csv('file.csv')
df['Date'] = pd.to_datetime(df['Date'])
df = df.set_index('Date')
df.index = pd.to_datetime(df.index)
df.index = df.index.normalize()
df.index = df.index.tz_localize('UTC')
df.index = df.index.tz_convert('US/Eastern')
df.index = df.index.tz_localize(",T2C-CONALA CODEGEN FINETUNED-SO,T2C-CONALA-CODEGEN-FINETUNED-SO.csv,True,1,1,1,no,1,0,0
2022-09-14 14:07:10,XXZ,Left,"Python - how to convert a ""raw"" string into a normal string","    raw_byte_string = b""\x4a\x4b\x4c""

    print(raw_byte_string.decode(""utf-8""))
",T2C-CONALA COPILOT,T2C-CONALA-COPILOT.csv,True,5,5,5,yes,0,0,0
2022-09-14 14:07:10,XXZ,Right,"Python - how to convert a ""raw"" string into a normal string","    raw_string = r""This is a raw string.""

    print(raw_string)
",T2C-CONALA COPILOT,T2C-CONALA-COPILOT.csv,True,1,1,1,no,0,0,0
2022-09-14 14:08:01,XXZ,Left,"""""""Update datetime field in `MyModel` to be the existing `timestamp` plus 100 years""""""","
class MyModel(models.Model):
    created = models.DateTimeField(auto_now_add=True)
    updated = models.DateTimeField(auto_now=True)
    updated_at = models.DateTimeField(auto_now=True)
    updated_at_plus_100_years = models.DateTimeField(auto_now=True, blank=True)
    updated_at_plus_100_years = models.DateTimeField(auto_now=True, blank=True)
",T2C-CONALA GPTNEO FINETUNED-SO,T2C-CONALA-GPTNEO-FINETUNED-SO.csv,True,1,1,1,no,1,0,0
2022-09-14 14:08:01,XXZ,Right,"""""""Update datetime field in `MyModel` to be the existing `timestamp` plus 100 years""""""","
from django.db import models
from django.utils import timezone
class MyModel(models.Model):
    timestamp = models.DateTimeField(default=timezone.now)
    def save(self, *args, **kwargs):
        self.timestamp = timezone.now() + timezone.timedelta(days=100)
        super(MyModel, self).save(*args, **kwargs)
    def __str__(self):
        return self.timestamp.strftime(""%Y-%m-%d %",T2C-CONALA CODEGEN FINETUNED-SO,T2C-CONALA-CODEGEN-FINETUNED-SO.csv,True,4,4,4,yes,1,0,0
2022-09-14 14:09:43,XXZ,Left,"""""""Append elements of a set to a list in Python""""""","
[x + y for x, y in zip(set(a), b)]

A:

You can use zip with a list comprehension:
[x + y for x, y in zip(a, b)]

A:

zip(a, b) returns a list of tuples, so you can use itertools.chain.from_iterable to append elements of a list to a list of tuples:
[x + y for x, y in zip(a, b)]

A:

zip(a, b) returns a list of tu",T2C-CONALA GPTNEO FINETUNED-CONALA,T2C-CONALA-GPTNEO-FINETUNED-CONALA.csv,True,1,1,1,no,1,0,0
2022-09-14 14:09:43,XXZ,Right,"""""""append elements of a set `b` to a list `a`""""""
   ","a.extend(b)

",T2C-CONALA CODEGEN2B FINETUNED-CONALA-IMPORTS,T2C-CONALA-CODEGEN2B-FINETUNED-CONALA-IMPORTS.csv,True,5,5,5,yes,1,0,0
2022-09-14 14:10:33,XXZ,Left,"""""""convert a list  into a generator object""""""","
list(itertools.chain.from_iterable(it))

A:

list(itertools.chain.from_iterable(it))

is equivalent to:
list(itertools.chain.from_iterable(it))

A:

list(itertools.chain.from_iterable(it))

is equivalent to:
list(itertools.chain.from_iterable(it))

A:

list(itertools.chain.from_iterable(it))

is equivalent to",T2C-CONALA GPTNEO FINETUNED-CONALA,T2C-CONALA-GPTNEO-FINETUNED-CONALA.csv,True,1,1,1,no,1,0,0
2022-09-14 14:10:33,XXZ,Right,"""""""convert a list  into a generator object""""""","
def generator(lst):
  for item in lst:
    yield item
g = generator([1,2,3])
next(g)
next(g)
next(g)
next(g)
next(g)
next(g)
next(g)
next(g)
next(g)
next(g)
next(g)
next(g)
next(g)
next(g)
next(g)
next(g)
next(g)
next(g)
next(g)
next",T2C-CONALA CODEGEN FINETUNED-SO,T2C-CONALA-CODEGEN-FINETUNED-SO.csv,True,5,5,5,yes,1,0,0
2022-09-14 14:10:56,XXZ,Left,"""""""concatenate items of list `l` with a space ' '""""""","
' '.join(l)
",T2C-CONALA GPTNEO FINETUNED-CONALA,T2C-CONALA-GPTNEO-FINETUNED-CONALA.csv,True,5,3,5,yes,1,0,0
2022-09-14 14:10:56,XXZ,Right,"""""""concatenate items of list `l` with a space ' '""""""
   ","print(' '.join(l))

",T2C-CONALA CODEGEN2B FINETUNED-CONALA-IMPORTS,T2C-CONALA-CODEGEN2B-FINETUNED-CONALA-IMPORTS.csv,True,5,5,5,yes,1,0,0
2022-09-14 15:47:03,Anonymous,Left,"""""""How to sort dictionaries by keys in Python""""""","
import operator
sorted(d.items(), key=operator.itemgetter(0))
sorted(d.items(), key=operator.itemgetter(1))
sorted(d.items(), key=lambda x: x[1])
sorted(d.items(), key=lambda x: x[1], reverse=True)
sorted(d.items(), key=lambda x: x[1], reverse=True)
sorted(d.items(), key=lambda x: x[1], reverse=True)
sorted(d.items(), key",T2C-CONALA CODEGEN FINETUNED-SO,T2C-CONALA-CODEGEN-FINETUNED-SO.csv,True,4,4,3,modified,1,0,0
2022-09-14 15:47:03,Anonymous,Right,"""""""Sort dictionary `o` in ascending order based on its keys and items""""""","
sorted(list(o.items()), key=lambda x: x[0])

",T2C-CONALA CODEGEN FINETUNED-CONALA,T2C-CONALA-CODEGEN-FINETUNED-CONALA.csv,True,5,5,4,yes,1,0,0
2022-09-14 16:04:05,Artem,Left,"""""""Sum the corresponding decimal values for binary values of each boolean element in list `x`""""""","
sum(map(lambda x: x.decimal, x))

",T2C-CONALA CODEGEN FINETUNED-CONALA,T2C-CONALA-CODEGEN-FINETUNED-CONALA.csv,True,5,4,4,yes,1,0,0
2022-09-14 16:04:05,Artem,Right,"""""""Sum the corresponding decimal values for binary values of each boolean element in list `x`""""""","
sum(x[(b, b) for b in x if b])

",T2C-CONALA GPTNEO FINETUNED-CONALA,T2C-CONALA-GPTNEO-FINETUNED-CONALA.csv,True,4,1,1,no,1,0,0
2022-09-14 23:16:31,Anonymous,Right,"""""""use `%s` operator to print variable values `str1` inside a string""""""","
print('%s' % str1)
",T2C-CONALA CODEGEN FINETUNED-SO,T2C-CONALA-CODEGEN-FINETUNED-SO.csv,True,1,3,3,modified,1,0,0
2022-09-14 23:19:33,Anonymous01,Left,"""""""Google App Engine execute GQL query 'SELECT * FROM Schedule WHERE station = $1' with parameter `foo.key()`""""""
   ","db.execute('SELECT * FROM Schedule WHERE station = $1', 'foo.key()')

",T2C-CONALA CODEGEN2B FINETUNED-CONALA-IMPORTS,T2C-CONALA-CODEGEN2B-FINETUNED-CONALA-IMPORTS.csv,True,3,4,2,no,1,0,0
2022-09-14 23:19:33,Anonymous01,Right,"""""""Google App Engine execute GQL query 'SELECT * FROM Schedule WHERE station = $1' with parameter `foo.key()`""""""","
import gql
class MyClass(gql.GqlQuery):
    def __init__(self, *args, **kwargs):
        super(MyClass, self).__init__(*args, **kwargs)
        self.parameter = kwargs.get('parameter', None)
    def execute(self, *args, **kwargs):
        return super(MyClass, self).execute(*args, **kwargs)
    def",T2C-CONALA GPTNEO FINETUNED-SO,T2C-CONALA-GPTNEO-FINETUNED-SO.csv,True,4,4,4,yes,1,0,0
2022-09-14 23:19:35,Anonymous,Left,"""""""Iterate ove list `[1, 2, 3]` using list comprehension""""""","
[1, 2, 3]
[1, 2, 3]
[1, 2, 3]
[1, 2, 3]
[1, 2, 3]
[1, 2, 3]
[1, 2, 3]
[1, 2, 3]
[1, 2, 3]
[1, 2, 3]
[1, 2, 3]
[1, 2, 3]
[1, 2, 3]
[1, 2, 3]
[1, 2, 3]
[1, 2, 3]",T2C-CONALA GPTNEO FINETUNED-SO,T2C-CONALA-GPTNEO-FINETUNED-SO.csv,True,5,1,1,no,1,0,0
2022-09-14 23:19:35,Anonymous,Right,"""""""Iterate ove list `[1, 2, 3]` using list comprehension""""""
   ","[x for x in [1, 2, 3]]

",T2C-CONALA CODEGEN2B FINETUNED-CONALA-IMPORTS,T2C-CONALA-CODEGEN2B-FINETUNED-CONALA-IMPORTS.csv,True,5,2,4,yes,1,0,0
2022-09-14 23:20:04,Anonymous01,Left,"""""""Sum integers contained in strings in list `['', '3.4', '', '', '1.0']`""""""","
[int(x) for x in ['', '3.4', '', '', '1.0']]

",T2C-CONALA CODEGEN FINETUNED-CONALA,T2C-CONALA-CODEGEN-FINETUNED-CONALA.csv,True,5,4,4,yes,1,0,0
2022-09-14 23:20:04,Anonymous01,Right,Most efficient way to convert items of a list to int and sum them up,"    myList = ['', '3.4', '', '', '1.0']

    print(sum([int(x) for x in myList if x.isdigit()]))
",T2C-CONALA COPILOT,T2C-CONALA-COPILOT.csv,True,4,4,4,yes,0,0,0
2022-09-14 23:20:21,Anonymous01,Left,"""""""decode string ""\\x89\\n"" into a normal string""""""","
import codecs
codecs.decode('\\x89\\n', 'rot13')
codecs.decode('\\x89\\n', 'rot13','replace')
codecs.decode('\\x89\\n', 'rot13', 'backslashreplace')
codecs.decode('\\x89\\n', 'rot13', 'xmlcharrefreplace')
codecs.decode('\\x89\\n', 'rot13', 'backslashreplace', 'xmlcharrefreplace')
codecs.decode",T2C-CONALA CODEGEN FINETUNED-SO,T2C-CONALA-CODEGEN-FINETUNED-SO.csv,True,3,2,3,modified,1,0,0
2022-09-14 23:20:21,Anonymous01,Right,"""""""convert a raw string `raw_string` into a normal string""""""","
raw_string.decode('utf-8')

",T2C-CONALA CODEGEN FINETUNED-CONALA,T2C-CONALA-CODEGEN-FINETUNED-CONALA.csv,True,5,4,4,yes,1,0,0
2022-09-14 23:20:37,Anonymous01,Left,"""""""How to delete all instances of a character in a string in python?""""""","
re.sub('[^a-zA-Z0-9]', '', string)

",T2C-CONALA CODEGEN FINETUNED-CONALA,T2C-CONALA-CODEGEN-FINETUNED-CONALA.csv,True,5,5,5,yes,1,0,0
2022-09-14 23:20:37,Anonymous01,Right,"""""""delete all instances of a character 'i' in a string 'it is icy'""""""","
import re
re.sub('[i]', '', 'it is icy')
re.sub('[i]', '', 'it is icy')
re.sub('[i]', '', 'it is icy')
re.sub('[i]', '', 'it is icy')
re.sub('[i]', '', 'it is icy')
re.sub('[i]', '', 'it is icy')
re.sub('[i]', '', 'it is icy')
re.sub('[i]', '', 'it",T2C-CONALA GPTNEO FINETUNED-SO,T2C-CONALA-GPTNEO-FINETUNED-SO.csv,True,5,2,2,no,1,0,0
2022-09-14 23:20:51,Anonymous01,Right,"""""""convert a pandas series `sf` into a pandas dataframe `df` with columns `email` and `list`""""""","
df = pd.DataFrame(sf.tolist(), columns=['email', 'list'])
df['list'] = df['list'].apply(pd.Series)
df['list'] = df['list'].apply(pd.Series)
df['list'] = df['list'].apply(pd.Series)
df['list'] = df['list'].apply(pd.Series)
df['list'] = df['list'].apply(pd.Series)
df['list'] = df['list'].apply(pd.Series)
df",T2C-CONALA CODEGEN FINETUNED-SO,T2C-CONALA-CODEGEN-FINETUNED-SO.csv,True,4,4,4,yes,1,0,0
2022-09-14 23:21:22,Anonymous,Left,"""""""How do I sum the first value in each tuple in a list of tuples in Python?""""""","
sum(x[0] for x in list(zip(*list(zip(*list(zip(*list(zip(*list(zip(*list(zip(*list(zip(*list(zip(*list(zip(*list(zip(*list(zip(*list(zip(*list(zip(*list(zip(*list(zip(*list(zip(*list(zip(*list(zip(*list(zip(*list(zip(*list(zip(*list(zip(*list(zip(*list(zip(*list(zip(*list(zip(*list(zip(*list(zip(*list(zip(*list(",T2C-CONALA GPTNEO FINETUNED-CONALA,T2C-CONALA-GPTNEO-FINETUNED-CONALA.csv,True,1,3,1,no,1,0,0
2022-09-14 23:21:22,Anonymous,Right,"""""""How do I sum the first value in each tuple in a list of tuples in Python?""""""","
sum(x[0] for x in list_of_tuples)

",T2C-CONALA CODEGEN FINETUNED-CONALA,T2C-CONALA-CODEGEN-FINETUNED-CONALA.csv,True,5,5,5,yes,1,0,0
2022-09-14 23:21:32,Anonymous,Left,loop over files,"    for filename in os.listdir('.'):

        print(filename)
",T2C-CONALA COPILOT,T2C-CONALA-COPILOT.csv,True,5,5,5,yes,0,0,0
2022-09-14 23:21:39,Anonymous01,Left,"""""""loop over a list `mylist` if sublists length equals 3""""""
   ","[x for x in mylist if len(x) == 3]

",T2C-CONALA CODEGEN2B FINETUNED-CONALA-IMPORTS,T2C-CONALA-CODEGEN2B-FINETUNED-CONALA-IMPORTS.csv,True,5,4,3,modified,1,0,0
2022-09-14 23:21:39,Anonymous01,Right,"""""""loop over a list `mylist` if sublists length equals 3""""""","
for i in range(len(mylist)):
    if len(mylist[i]) == 3:
        print(mylist[i])
        break
    else:
        continue
else:
    print(""No sublists of length 3"")
print(""Done"")

",T2C-CONALA CODEGEN FINETUNED-SO,T2C-CONALA-CODEGEN-FINETUNED-SO.csv,True,5,4,4,yes,1,0,0
2022-09-14 23:21:45,Anonymous,Left,"""""""find the first element of the tuple with the maximum second element in a list of tuples `lis`""""""","
max(lis, key=lambda x: x[1])[0]

",T2C-CONALA CODEGEN FINETUNED-CONALA,T2C-CONALA-CODEGEN-FINETUNED-CONALA.csv,True,5,3,3,modified,1,0,0
2022-09-14 23:21:45,Anonymous,Right,Find the maximum value in a list of tuples in Python,"    lis = [(1, 2), (3, 4), (5, 6)]

    print(max(lis, key=lambda x: x[1]))
",T2C-CONALA COPILOT,T2C-CONALA-COPILOT.csv,True,5,4,3,modified,0,0,0
2022-09-14 23:27:01,Anonymous,Left,"""""""add one to the hidden web element with id 'XYZ' with selenium python script""""""","
driver.find_element_by_id('XYZ').click()
driver.find_element_by_id('XYZ').click()
driver.find_element_by_id('XYZ').click()
driver.find_element_by_id('XYZ').click()
driver.find_element_by_id('XYZ').click()
driver.find_element_by_id('XYZ').click()
driver.find_element_by_id('XYZ').click()
driver.find_element_by_id('XYZ').click()",T2C-CONALA CODEGEN FINETUNED-CONALA,T2C-CONALA-CODEGEN-FINETUNED-CONALA.csv,True,1,1,1,no,1,0,0
2022-09-14 23:27:01,Anonymous,Right,"""""""add one to the hidden web element with id 'XYZ' with selenium python script""""""","
from selenium import webdriver
from selenium.webdriver.common.keys import Keys
driver = webdriver.Firefox()
driver.get(""http://www.google.com"")
driver.find_element_by_id(""XYZ"").send_keys(Keys.CONTROL)
driver.find_element_by_id(""XYZ"").send_keys(Keys.CONTROL)
driver.find_element_by_id(""XYZ"").send_keys(Keys.CONTROL)
driver.find_element_by_id(""XY",T2C-CONALA GPTNEO FINETUNED-SO,T2C-CONALA-GPTNEO-FINETUNED-SO.csv,True,1,1,1,no,1,0,0
2022-09-14 23:40:59,Anonymous,Left,"""""""create a datetime with the current date & time""""""","
datetime.datetime.now() + datetime.timedelta(days=1)
datetime.datetime.now() + datetime.timedelta(days=1) + datetime.timedelta(days=1)
datetime.datetime.now() + datetime.timedelta(days=1) + datetime.timedelta(days=1) + datetime.timedelta(days=1) + datetime.timedelta(days=1)
datetime.datetime.now() + datetime.timedelta(",T2C-CONALA GPTNEO FINETUNED-SO,T2C-CONALA-GPTNEO-FINETUNED-SO.csv,True,5,1,1,no,1,0,0
2022-09-14 23:40:59,Anonymous,Right,"""""""create a datetime with the current date & time""""""","
datetime.datetime.now()

",T2C-CONALA CODEGEN FINETUNED-CONALA,T2C-CONALA-CODEGEN-FINETUNED-CONALA.csv,True,2,5,5,yes,1,0,0
2022-09-14 23:41:51,Anonymous,Left,"""""""Python Pandas: How to replace a characters in a column of a dataframe?""""""","
df.replace(old_string, new_string)
df.replace(old_string, new_string, regex=True)
df.replace(old_string, new_string, regex=False)
df.replace(old_string, new_string, regex=None)
df.replace(old_string, new_string, regex=None, inplace=True)
df.replace(old_string, new_string, regex=None, inplace=False)
df.replace(old_string, new_string, regex=None, inplace=",T2C-CONALA GPTNEO FINETUNED-SO,T2C-CONALA-GPTNEO-FINETUNED-SO.csv,True,5,4,3,modified,1,0,0
2022-09-14 23:41:51,Anonymous,Right,"""""""Python Pandas: How to replace a characters in a column of a dataframe?""""""
   ","df['column_name'].str.replace('a', 'b')

",T2C-CONALA CODEGEN2B FINETUNED-CONALA-IMPORTS,T2C-CONALA-CODEGEN2B-FINETUNED-CONALA-IMPORTS.csv,True,5,5,5,yes,1,0,0
2022-09-14 23:43:42,Anonymous,Left,"""""""Removing duplicates in list `t`""""""","
t.pop()

print(t)

Output:
[1, 2, 3, 4, 5, 6, 7, 8, 9, 10]

",T2C-CONALA GPTNEO FINETUNED-CONALA,T2C-CONALA-GPTNEO-FINETUNED-CONALA.csv,True,5,1,1,no,1,0,0
2022-09-14 23:43:42,Anonymous,Right,"""""""Removing duplicates in list `abracadabra`""""""
   ","list(set(abracadabra))

",T2C-CONALA CODEGEN2B FINETUNED-CONALA-IMPORTS,T2C-CONALA-CODEGEN2B-FINETUNED-CONALA-IMPORTS.csv,True,5,2,1,no,1,0,0
2022-09-14 23:45:13,Anonymous,Left,"""""""Find all numbers and dots from a string `text` using regex""""""","
re.findall('\\d+\\.\\d+', text)

This will return a list of numbers and dots separated by a comma.

",T2C-CONALA GPTNEO FINETUNED-CONALA,T2C-CONALA-GPTNEO-FINETUNED-CONALA.csv,True,5,1,1,no,1,0,0
2022-09-14 23:45:13,Anonymous,Right,"""""""Find all numbers and dots from a string `text` using regex""""""","
import re
text = ""123.456.789.123""
re.findall(r'\d+\.\d+\.\d+\.\d+', text)
re.findall(r'\d+\.\d+\.\d+\.\d+', text)
re.findall(r'\d+\.\d+\.\d+\.\d+', text)
re.findall(r'\d+\.\d+\.\d+\.\d+', text)
re.findall(r'\",T2C-CONALA GPTNEO FINETUNED-SO,T2C-CONALA-GPTNEO-FINETUNED-SO.csv,True,4,1,1,no,1,0,0
2022-09-15 00:47:41,Anonymous,Left,How to get a 16bit Unsigned integer in python,"    print(int(input(""Enter an integer: "")))
",T2C-CONALA COPILOT,T2C-CONALA-COPILOT.csv,True,5,4,3,modified,0,0,0
2022-09-15 00:47:41,Anonymous,Right,"""""""Convert integer `number` into an unassigned integer""""""","
number = int(number)

print(number)

A:

You can use int(number) to convert number to int and assign it to variable number.
number = int(number)
number = number + 1
",T2C-CONALA GPTNEO FINETUNED-CONALA,T2C-CONALA-GPTNEO-FINETUNED-CONALA.csv,True,5,3,3,modified,1,0,0
2022-09-15 06:23:43,Anonymous,Left,"""""""get list of values from dictionary 'mydict' w.r.t. list of keys 'mykeys'""""""","
mydict = {'key1': 'value1', 'key2': 'value2'}
mykeys = ['key1', 'key2']
myvalues = [mydict[key] for key in mykeys]
print(myvalues)
",T2C-CONALA CODEGEN FINETUNED-SO,T2C-CONALA-CODEGEN-FINETUNED-SO.csv,True,3,3,5,yes,1,0,0
2022-09-15 07:48:11,Anonymous,Left,"""""""insert `_suff` before the file extension in `long.file.name.jpg` or replace `_a` with `suff` if it precedes the extension.""""""","
long.file.name.jpg.replace('_a', '_suff', 1)

",T2C-CONALA CODEGEN FINETUNED-CONALA,T2C-CONALA-CODEGEN-FINETUNED-CONALA.csv,True,5,4,4,yes,1,0,0
2022-09-15 07:48:11,Anonymous,Right,"""""""insert `_suff` before the file extension in `long.file.name.jpg` or replace `_a` with `suff` if it precedes the extension.""""""","
from django.conf import settings
from django.core.files.storage import default_storage
from django.core.files.base import ContentFile
from django.core.files.storage import default_storage
from django.core.files.base import ContentFile
from django.core.files.storage import default_storage
from django.core.files.base import ContentFile
from django.core.files.storage import default_storage
from django.core.files.base import ContentFile
from django.core.files.storage import default",T2C-CONALA CODEGEN FINETUNED-SO,T2C-CONALA-CODEGEN-FINETUNED-SO.csv,True,2,3,1,no,1,0,0
2022-09-15 07:49:09,Anonymous,Left,"""""""download a file `url` over HTTP""""""","
urllib.request.urlretrieve(url, 'file.txt')

A:

You can use urllib2.urlopen to download a file from a url:
import urllib2
urllib2.urlopen('http://www.google.com')

or urllib.request.urlretrieve('http://www.google.com')

A:

You can use urllib.request.urlretrieve() to download a file from a url.
url = 'http://www.google.com'
urll",T2C-CONALA GPTNEO FINETUNED-CONALA,T2C-CONALA-GPTNEO-FINETUNED-CONALA.csv,True,5,5,5,yes,1,0,0
2022-09-15 07:49:09,Anonymous,Right,"""""""download a file 'http://www.example.com/' over HTTP""""""","
import urllib2
urllib2.urlretrieve('http://www.example.com/', 'file.txt')
urllib2.urlretrieve('http://www.example.com/', 'file.txt')
urllib2.urlretrieve('http://www.example.com/', 'file.txt')
urllib2.urlretrieve('http://www.example.com/', 'file.txt')
urllib2.urlretrieve('http://www.example.com/', 'file.txt')
ur",T2C-CONALA GPTNEO FINETUNED-SO,T2C-CONALA-GPTNEO-FINETUNED-SO.csv,True,5,1,1,no,1,0,0
2022-09-15 07:50:08,Anonymous,Left,"""""""joining data from dataframe `df1` with data from dataframe `df2` based on matching values of column 'Date_Time' in both dataframes""""""","
df1['Date_Time'] = df1['Date_Time'].dt.date
df2['Date_Time'] = df2['Date_Time'].dt.date
df1['Date_Time'] = df1['Date_Time'].dt.date
df2['Date_Time'] = df2['Date_Time'].dt.date
df1['Date_Time'] = df1['Date_Time'].dt.date
df2['Date_Time'] = df2['Date_Time'].dt.date
df1['Date_Time']",T2C-CONALA GPTNEO FINETUNED-SO,T2C-CONALA-GPTNEO-FINETUNED-SO.csv,True,3,3,1,no,1,0,0
2022-09-15 07:50:08,Anonymous,Right,"""""""joining data from dataframe `df1` with data from dataframe `df2` based on matching values of column 'Date_Time' in both dataframes""""""
   ","pd.merge(df1, df2, on='Date_Time')

",T2C-CONALA CODEGEN2B FINETUNED-CONALA-IMPORTS,T2C-CONALA-CODEGEN2B-FINETUNED-CONALA-IMPORTS.csv,True,5,5,5,yes,1,0,0
2022-09-15 07:50:48,Anonymous,Left,"""""""split a string into a list of words and whitespace""""""","
[x.strip() for x in re.split('\\W+', 'a b c d e f g h i j k l m n o p q r s t u v w x y z')]
",T2C-CONALA CODEGEN FINETUNED-CONALA,T2C-CONALA-CODEGEN-FINETUNED-CONALA.csv,True,5,5,5,yes,1,0,0
2022-09-15 07:50:48,Anonymous,Right,"""""""split a string into a list of words and whitespace""""""","
words = [word.split() for word in words]
words = [word.split() for word in words]
words = [word.split() for word in words]
words = [word.split() for word in words]
words = [word.split() for word in words]
words = [word.split() for word in words]
words = [word.split() for word in words]
words = [word.split() for word in words]
words = [word.split() for word in words]
words = [word.split() for word in",T2C-CONALA GPTNEO FINETUNED-SO,T2C-CONALA-GPTNEO-FINETUNED-SO.csv,True,4,1,1,no,1,0,0
2022-09-15 09:37:08,Anonymous,Left,"""""""write dataframe `df`, excluding index, to a csv file""""""","
df.to_csv('path/to/file.csv', index=False)
df.to_csv('path/to/file.csv', index=False, header=False)
df.to_csv('path/to/file.csv', index=False, header=False, mode='a')
df.to_csv('path/to/file.csv', index=False, header=False, mode='a', mode='a')
df.to_csv('path/to/file.csv', index=False, header=False, mode='a', mode",T2C-CONALA CODEGEN FINETUNED-SO,T2C-CONALA-CODEGEN-FINETUNED-SO.csv,True,5,1,1,no,1,0,0
2022-09-15 09:37:08,Anonymous,Right,"""""""write dataframe `df`, excluding index, to a csv file""""""","
df.to_csv('test.csv', index=False)

df.to_csv('test.csv', index=False)

df.to_csv('test.csv', index=False)

df.to_csv('test.csv', index=False)

df.to_csv('test.csv', index=False)

df.to_csv('test.csv', index=False)

df.to_csv('test.csv', index=False)

df.to_csv('test.csv', index=False)
",T2C-CONALA GPTNEO FINETUNED-CONALA,T2C-CONALA-GPTNEO-FINETUNED-CONALA.csv,True,5,1,1,no,1,0,0
2022-09-15 10:02:20,Anonymous,Right,"""""""open a file `Output.txt` in append mode""""""","
with open('Output.txt', 'a') as f:
    f.write(str(data))
    f.write('\n')
    f.close()
    f = open('Output.txt', 'r')
    print(f.read())
    f.close()
    f = open('Output.txt', 'w')
    f.write(str(data))
    f.close()
    f = open('Output.txt', 'r')
    print(f.read())
    f.close()
    f = open('",T2C-CONALA CODEGEN FINETUNED-SO,T2C-CONALA-CODEGEN-FINETUNED-SO.csv,True,2,3,3,modified,1,0,0
2022-09-15 11:11:27,Anonymous,Left,"""""""remove symbols from a string `s`""""""","
s = 'a b c d e f g h i j k l m n o p q r s t u v w x y z'
s = ''.join(c for c in s if c not in '!@#$%^&*()_+{}|:""<>?/.,;')
s
s = ''.join(c for c in s if c not in '!@#$%^&*()_+{}|:""<>?/.,;')
s
s = ''.join(c for c in s if c not in '",T2C-CONALA CODEGEN FINETUNED-SO,T2C-CONALA-CODEGEN-FINETUNED-SO.csv,True,2,5,4,yes,1,0,0
2022-09-15 11:11:27,Anonymous,Right,"""""""remove symbols from a string `s`""""""","
s.replace('\\', '')

print(s)

Output:

'\x00\x00\x00\x00\x00\x00\x00\x00\x00\x00\x00\x00\x00\x00\x00\x00\x00\x00\x00\x00\x00\x00\x00\x00\x00\x00\x00\x00\x00\x00\x00\x00\x00\x00\x00\",T2C-CONALA GPTNEO FINETUNED-CONALA,T2C-CONALA-GPTNEO-FINETUNED-CONALA.csv,True,5,3,1,no,1,0,0
2022-09-15 11:12:27,Anonymous,Left,"""""""concatenate elements of list `b` by a colon "":""""""""
   ","print(':'.join(b))

",T2C-CONALA CODEGEN2B FINETUNED-CONALA-IMPORTS,T2C-CONALA-CODEGEN2B-FINETUNED-CONALA-IMPORTS.csv,True,5,5,5,yes,1,0,0
2022-09-15 11:12:27,Anonymous,Right,"""""""concatenate elements of list `b` by a colon "":""""""""","
b = [1, 2, 3]
b.extend([""a"", ""b"", ""c""])
b.extend([""a"", ""b"", ""c""])
b.extend([""a"", ""b"", ""c""])
b.extend([""a"", ""b"", ""c""])
b.extend([""a"", ""b"", ""c""])
b.extend([""a"", ""b"", ""c""])
b.extend([""a"", ""b"", ""c""])
b.extend(",T2C-CONALA GPTNEO FINETUNED-SO,T2C-CONALA-GPTNEO-FINETUNED-SO.csv,True,3,1,1,no,1,0,0
2022-09-15 11:14:12,Anonymous,Left,"""""""remove escape character from string ""\\a""""""""","
s = s.replace(""\\a"", """")
s = s.replace(""\\a"", """")
s = s.replace(""\\a"", """")
s = s.replace(""\\a"", """")
s = s.replace(""\\a"", """")
s = s.replace(""\\a"", """")
s = s.replace(""\\a"", """")
s = s.replace(""\\a"", """")
s = s.replace(""\\a"", """")
s = s.replace(""\\a"", """")
s = s.replace(""\\",T2C-CONALA GPTNEO FINETUNED-SO,T2C-CONALA-GPTNEO-FINETUNED-SO.csv,True,3,5,2,no,1,0,0
2022-09-15 11:14:12,Anonymous,Right,"""""""remove escape character from string ""\\a""""""""","
print(s.replace(""\\a"", """"))
",T2C-CONALA CODEGEN FINETUNED-SO,T2C-CONALA-CODEGEN-FINETUNED-SO.csv,True,2,1,5,yes,1,0,0
2022-09-15 11:16:00,Anonymous,Left,How to get the filename without the extension from a path in Python?,"    import os

    def func(filename):

        return os.path.splitext(filename)[0]

    return func
",T2C-CONALA COPILOT,T2C-CONALA-COPILOT.csv,True,5,5,3,modified,0,0,0
2022-09-15 11:16:00,Anonymous,Right,"""""""get the filename without the extension from file 'hemanth.txt'""""""","
os.path.splitext('hemanth.txt')[0]

",T2C-CONALA CODEGEN FINETUNED-CONALA,T2C-CONALA-CODEGEN-FINETUNED-CONALA.csv,True,1,5,5,yes,1,0,0
2022-09-15 12:21:09,Anonymous,Left,"""""""erase all the contents of a file `filename`""""""
   ","open(filename, 'w').close()

",T2C-CONALA CODEGEN2B FINETUNED-CONALA-IMPORTS,T2C-CONALA-CODEGEN2B-FINETUNED-CONALA-IMPORTS.csv,True,5,4,4,yes,1,0,0
2022-09-15 12:21:09,Anonymous,Right,How to empty a file using Python,"    filename = input(""Enter a filename: "")

    try:

        f = open(filename, ""w"")

        f.close()

    except FileNotFoundError:

        print(""File not found"")

    except PermissionError:

        print(""Permission denied"")

    else:

        print(""File erased"")

    finally:

        print(""Program finished"")
",T2C-CONALA COPILOT,T2C-CONALA-COPILOT.csv,True,5,5,3,modified,0,0,0
2022-09-15 13:39:36,Anonymous,Left,"""""""get a list of all keys in Cassandra database `cf` with pycassa""""""","
cqlsh.execute('SELECT * FROM cf')
cqlsh.execute('SELECT * FROM cf')
cqlsh.execute('SELECT * FROM cf')
cqlsh.execute('SELECT * FROM cf')
cqlsh.execute('SELECT * FROM cf')
cqlsh.execute('SELECT * FROM cf')
cqlsh.execute('SELECT * FROM cf')
cqlsh.execute('SELECT * FROM cf')
cqlsh.execute('SELECT * FROM cf')
cqlsh.execute('SELECT * FROM cf')
cqlsh.execute('SELECT",T2C-CONALA CODEGEN FINETUNED-CONALA,T2C-CONALA-CODEGEN-FINETUNED-CONALA.csv,True,1,5,2,no,1,0,0
2022-09-15 13:39:36,Anonymous,Right,How do I get all the keys that are stored in the Cassandra column family with pycassa?,"    import pycassa

    from pycassa.pool import ConnectionPool

    from pycassa.columnfamily import ColumnFamily

    pool = ConnectionPool('Keyspace1')

    cf = ColumnFamily(pool, 'Standard1')

    keys = cf.get_range()

    for key in keys:

        print(key)
",T2C-CONALA COPILOT,T2C-CONALA-COPILOT.csv,True,5,5,4,yes,0,0,0
2022-09-15 15:55:04,Anonymous,Left,"""""""replace spaces with underscore""""""","
re.sub(' +', '_', string)

",T2C-CONALA CODEGEN FINETUNED-CONALA,T2C-CONALA-CODEGEN-FINETUNED-CONALA.csv,True,4,3,4,yes,1,0,0
2022-09-15 15:56:41,Anonymous,Right,"""""""find 10 largest differences between each respective elements of list `l1` and list `l2`""""""
   ","sorted(list(map(lambda x, y: abs(x - y), l1, l2)))[:10]

",T2C-CONALA CODEGEN2B FINETUNED-CONALA-IMPORTS,T2C-CONALA-CODEGEN2B-FINETUNED-CONALA-IMPORTS.csv,True,2,3,4,yes,1,0,0
2022-09-15 15:58:30,Anonymous,Right,Python string replace two things at once?,"    print(""obama"".replace(""a"", ""b"").replace(""b"", ""a""))
",T2C-CONALA COPILOT,T2C-CONALA-COPILOT.csv,True,5,5,5,yes,0,0,0
2022-09-15 15:59:38,Anonymous,Left,"""""""Calculate sum over all rows of 2D numpy array""""""","
sum(a[:, 0] for a in b)

",T2C-CONALA CODEGEN FINETUNED-CONALA,T2C-CONALA-CODEGEN-FINETUNED-CONALA.csv,True,4,3,4,yes,1,0,0
2022-09-15 16:01:22,Anonymous,Left,"""""""click a href button with text 'Send InMail' with selenium""""""","
driver.find_element_by_link_text('Send in mail').click()

",T2C-CONALA CODEGEN FINETUNED-CONALA,T2C-CONALA-CODEGEN-FINETUNED-CONALA.csv,True,4,4,4,yes,1,0,0
2022-09-15 16:01:22,Anonymous,Right,"""""""click a href button 'Send' with selenium""""""
   ","driver.find_element_by_xpath('//*[@id=""send""]').click()

",T2C-CONALA CODEGEN2B FINETUNED-CONALA-IMPORTS,T2C-CONALA-CODEGEN2B-FINETUNED-CONALA-IMPORTS.csv,True,4,3,3,modified,1,0,0
2022-09-15 16:02:17,Anonymous,Left,"""""""find the string in `your_string` between two special characters ""["" and ""]""""""""","
your_string.find('[', 2)
your_string.find(']', 2)
",T2C-CONALA GPTNEO FINETUNED-CONALA,T2C-CONALA-GPTNEO-FINETUNED-CONALA.csv,True,2,3,3,modified,1,0,0
2022-09-15 16:02:17,Anonymous,Right,"""""""find the string in `your_string` between two special characters ""["" and ""]""""""""","
re.findall('\\[.*\\]', your_string)

",T2C-CONALA CODEGEN FINETUNED-CONALA,T2C-CONALA-CODEGEN-FINETUNED-CONALA.csv,True,5,4,5,yes,1,0,0
2022-09-15 16:03:07,Anonymous,Left,"""""""Convert unix timestamp '1347517370' to formatted string '%Y-%m-%d %H:%M:%S'""""""","
import datetime
datetime.datetime.fromtimestamp(1347517370)
datetime.datetime.fromtimestamp(1347517370).strftime('%Y-%m-%d %H:%M:%S')
datetime.datetime.fromtimestamp(1347517370).strftime('%Y-%m-%d %H:%M:%S')
datetime.datetime.fromtimestamp(1347517370).strftime('%Y-%m-%d %H:%M:%S')",T2C-CONALA CODEGEN FINETUNED-SO,T2C-CONALA-CODEGEN-FINETUNED-SO.csv,True,4,3,4,yes,1,0,0
2022-09-15 16:27:49,Anonymous,Left,"""""""write `newFileBytes` to a binary file `newFile`""""""","
with open('newFile', 'wb') as f:
    f.write(newFileBytes)
with open('newFile', 'rb') as f:
    f.read(newFileBytes)
with open('newFile', 'rb') as f:
    f.read(newFileBytes)
with open('newFile', 'rb') as f:
    f.read(newFileBytes)
with open('newFile', 'rb') as f:
    f.read(newFileBytes)
with open",T2C-CONALA GPTNEO FINETUNED-SO,T2C-CONALA-GPTNEO-FINETUNED-SO.csv,True,3,2,2,no,1,0,0
2022-09-15 16:27:49,Anonymous,Right,"""""""write `newFileBytes` to a binary file `newFile`""""""","
newFile.write(newFileBytes)
newFile.close()

",T2C-CONALA CODEGEN FINETUNED-CONALA,T2C-CONALA-CODEGEN-FINETUNED-CONALA.csv,True,3,4,3,modified,1,0,0
2022-09-15 16:28:54,Anonymous,Left,Download file from web in Python 3,"    import requests

    url = input(""Enter the url: "")

    file_name = input(""Enter the file name: "")

    r = requests.get(url)

    with open(file_name, 'wb') as f:

        f.write(r.content)

    print(""Downloaded successfully!"")

    return r.status_code
",T2C-CONALA COPILOT,T2C-CONALA-COPILOT.csv,True,4,4,4,yes,0,0,0
2022-09-15 16:28:54,Anonymous,Right,"""""""download the file from url `url` and save it under file `file_name`""""""","
download_file(url, file_name)

",T2C-CONALA CODEGEN FINETUNED-CONALA,T2C-CONALA-CODEGEN-FINETUNED-CONALA.csv,True,2,2,2,no,1,0,0
2022-09-15 16:30:55,Anonymous,Left,"""""""write the elements of list `lines` concatenated by special character '\n' to file `myfile`""""""
   ","myfile.write('\n'.join(lines))

",T2C-CONALA CODEGEN2B FINETUNED-CONALA-IMPORTS,T2C-CONALA-CODEGEN2B-FINETUNED-CONALA-IMPORTS.csv,True,4,4,4,yes,1,0,0
2022-09-15 16:30:55,Anonymous,Right,"""""""write the elements of list `lines` concatenated by special character '\n' to file `myfile`""""""","
for line in lines:
    myfile.write(line + '\n')
myfile.close()

",T2C-CONALA CODEGEN FINETUNED-CONALA,T2C-CONALA-CODEGEN-FINETUNED-CONALA.csv,True,4,4,4,yes,1,0,0
2022-09-15 16:32:00,Anonymous,Left,"""""""identify duplicate values in list `mylist`""""""","
mylist.sort(key=lambda x: x[1])

print(mylist)

Output:
[('a', 'b'), ('a', 'b'), ('a', 'b'), ('a', 'b'), ('a', 'b'), ('a', 'b'), ('a', 'b'), ('a', 'b'), ('a', 'b'), ('a', 'b'), ('a', 'b'), ('a', 'b'), ('a', 'b'), ('a', 'b'), ('a', 'b'), ('a', 'b'), ('a', '",T2C-CONALA GPTNEO FINETUNED-CONALA,T2C-CONALA-GPTNEO-FINETUNED-CONALA.csv,True,2,1,1,no,1,0,0
2022-09-15 16:32:00,Anonymous,Right,"""""""identify duplicate values in list `mylist`""""""
   ","[x for x, y in itertools.groupby(mylist, lambda x: x)]

",T2C-CONALA CODEGEN2B FINETUNED-CONALA-IMPORTS,T2C-CONALA-CODEGEN2B-FINETUNED-CONALA-IMPORTS.csv,True,2,1,1,no,1,0,0
2022-09-15 16:32:51,Anonymous,Left,"""""""make a barplot of data in column `group` of dataframe `df` colour-coded according to list `color`""""""","
df.groupby('group').mean()['value'].plot(kind='bar', color=color)
df.groupby('group').mean()['value'].plot(kind='bar', color=color)
df.groupby('group').mean()['value'].plot(kind='bar', color=color)
df.groupby('group').mean()['value'].plot(kind='bar', color=color)
df.groupby('group').mean()['value'].plot(kind='bar', color=color)
df.groupby('group').",T2C-CONALA CODEGEN FINETUNED-SO,T2C-CONALA-CODEGEN-FINETUNED-SO.csv,True,2,2,2,no,1,0,0
2022-09-15 16:32:51,Anonymous,Right,"""""""make a barplot of data in column `group` of dataframe `df` colour-coded according to list `color`""""""","
plt.bar(df.group, df.group, color=color)
plt.show()

",T2C-CONALA CODEGEN FINETUNED-CONALA,T2C-CONALA-CODEGEN-FINETUNED-CONALA.csv,True,3,2,2,no,1,0,0
2022-09-15 17:30:27,Anonymous,Left,Open file in Python,"    with open('path', 'r') as f:

        print(f.read())

    return True
",T2C-CONALA COPILOT,T2C-CONALA-COPILOT.csv,True,5,5,5,yes,0,0,0
2022-09-15 17:30:27,Anonymous,Right,"""""""open file `path` with mode 'r'""""""","
with open(path, 'r') as f:
    f.read()
    f.close()
    f.closed
    f.mode
    f.name
    f.encoding
    f.newlines
    f.softspace
    f.tell()
    f.seek(0)
    f.read()
    f.readline()
    f.readlines()
    f.readlines()[1]
    f.readlines()[1]
    f.readlines()[1]
    f.readlines()",T2C-CONALA CODEGEN FINETUNED-SO,T2C-CONALA-CODEGEN-FINETUNED-SO.csv,True,5,3,2,no,1,0,0
2022-09-15 17:31:03,Anonymous,Right,"""""""Print new line character as `\n` in a string `foo\nbar`""""""","
print('foo\nbar')
",T2C-CONALA CODEGEN FINETUNED-CONALA,T2C-CONALA-CODEGEN-FINETUNED-CONALA.csv,True,3,1,3,modified,1,0,0
2022-09-15 17:31:39,Anonymous,Left,"""""""get a list containing the sum of each element `i` in list `l` plus the previous elements""""""","
sum(i for i in l if i - 1) + sum(i for i in l if i - 2)
",T2C-CONALA GPTNEO FINETUNED-CONALA,T2C-CONALA-GPTNEO-FINETUNED-CONALA.csv,True,2,3,2,no,1,0,0
2022-09-15 17:31:39,Anonymous,Right,"""""""get a list containing the sum of each element `i` in list `l` plus the previous elements""""""","
l = [1, 2, 3, 4, 5]
sum(l[i] + l[i-1] for i in range(1, len(l)))
sum(l[i] + l[i-1] for i in range(2, len(l)))
sum(l[i] + l[i-1] for i in range(3, len(l)))
sum(l[i] + l[i-1] for i in range(4, len(l)))
sum(l[i] + l[i-1]",T2C-CONALA CODEGEN FINETUNED-SO,T2C-CONALA-CODEGEN-FINETUNED-SO.csv,True,5,5,4,yes,1,0,0
2022-09-15 22:06:18,Anonymous,Left,Attribute getters in python,"    def func(obj, attr):

        return getattr(obj, attr)

    return func
",T2C-CONALA COPILOT,T2C-CONALA-COPILOT.csv,True,4,3,3,modified,0,0,0
2022-09-15 22:06:18,Anonymous,Right,"""""""get attribute 'attr' from object `obj`""""""","
obj.attr
obj.attr
obj.attr.attr
obj.attr.attr.attr
obj.attr.attr.attr.attr
obj.attr.attr.attr.attr.attr
obj.attr.attr.attr.attr.attr.attr
obj.attr.attr.attr.attr.attr.attr.attr
obj.attr.attr.attr.attr.attr.attr.attr.attr
obj.attr.attr.attr.attr.attr.attr.attr.attr.attr
obj.attr.attr.attr.attr.attr.attr.attr",T2C-CONALA CODEGEN FINETUNED-SO,T2C-CONALA-CODEGEN-FINETUNED-SO.csv,True,1,1,1,no,1,0,0
2022-09-15 22:08:11,Anonymous,Left,"""""""How can I parse a time string containing milliseconds in it with python?""""""","
time.strptime('12:00:00', '%H:%M:%S')

",T2C-CONALA GPTNEO FINETUNED-CONALA,T2C-CONALA-GPTNEO-FINETUNED-CONALA.csv,True,4,1,1,no,1,0,0
2022-09-15 22:08:11,Anonymous,Right,"""""""How can I parse a time string containing milliseconds in it with python?""""""","
import datetime
datetime.datetime.strptime('00:00:00', '%H:%M:%S')
datetime.datetime.strptime('00:00:00', '%H:%M:%S.%f')
datetime.datetime.strptime('00:00:00', '%H:%M:%S.%f.%f')
datetime.datetime.strptime('00:00:00', '%H:%M:%S.%f.%f.%",T2C-CONALA GPTNEO FINETUNED-SO,T2C-CONALA-GPTNEO-FINETUNED-SO.csv,True,4,4,4,yes,1,0,0
2022-09-15 22:09:06,Anonymous,Left,"""""""create a datetime with the current date & time""""""","
datetime.datetime.now().strftime('%Y-%m-%d %H:%M:%S')

A:

datetime.datetime.now().strftime('%Y-%m-%d %H:%M:%S')

A:

datetime.datetime.now().strftime('%Y-%m-%d %H:%M:%S')

A:

datetime.datetime.now().strftime('%Y-%m-%d %H:%M:",T2C-CONALA GPTNEO FINETUNED-CONALA,T2C-CONALA-GPTNEO-FINETUNED-CONALA.csv,True,3,1,1,no,1,0,0
2022-09-15 22:09:06,Anonymous,Right,"""""""create a datetime with the current date & time""""""
   ","datetime.datetime.now()

",T2C-CONALA CODEGEN2B FINETUNED-CONALA-IMPORTS,T2C-CONALA-CODEGEN2B-FINETUNED-CONALA-IMPORTS.csv,True,5,5,5,yes,1,0,0
2022-09-15 22:09:48,Anonymous,Left,"""""""sum all elements of nested list `L`""""""","
sum(sum(L, []))
sum(sum(L, []))
sum(sum(L, []))
sum(sum(L, []))
sum(sum(L, []))
sum(sum(L, []))
sum(sum(L, []))
sum(sum(L, []))
sum(sum(L, []))
sum(sum(L, []))
sum(sum(L, []))
sum(sum(L, []))
sum(sum(L, []))
sum(sum(L, []))
sum",T2C-CONALA CODEGEN FINETUNED-SO,T2C-CONALA-CODEGEN-FINETUNED-SO.csv,True,1,1,1,no,1,0,0
2022-09-15 22:09:48,Anonymous,Right,"""""""sum all elements of nested list `L`""""""","
sum(map(sum, L))

",T2C-CONALA CODEGEN FINETUNED-CONALA,T2C-CONALA-CODEGEN-FINETUNED-CONALA.csv,True,5,5,5,yes,1,0,0
2022-09-15 22:10:17,Anonymous,Left,"""""""remove a div with a id `main-content` using beautifulsoup""""""
   ","soup.find('div', id='main-content')
soup.find('div', id='main-content').decompose()
",T2C-CONALA CODEGEN2B FINETUNED-CONALA-IMPORTS,T2C-CONALA-CODEGEN2B-FINETUNED-CONALA-IMPORTS.csv,True,4,4,4,yes,1,0,0
2022-09-15 22:10:17,Anonymous,Right,"""""""remove a div with a id `main-content` using beautifulsoup""""""","
import bs4
bs_html = bs4.BeautifulSoup(html)
bs_html.find('div', id='main-content')
bs_html.find('div', id='main-content').decompose()
bs_html.find('div', id='main-content')
bs_html.find('div', id='main-content').decompose()
bs_html.find('div', id='main-content')
bs_html.find('div', id='main-content').decompose()
bs_html.",T2C-CONALA CODEGEN FINETUNED-SO,T2C-CONALA-CODEGEN-FINETUNED-SO.csv,True,2,2,2,no,1,0,0
2022-09-16 01:06:19,Anonymous,Left,"""""""append list `a` to `c`""""""","
c.extend(a)

",T2C-CONALA CODEGEN FINETUNED-CONALA,T2C-CONALA-CODEGEN-FINETUNED-CONALA.csv,True,5,5,5,yes,1,0,0
2022-09-16 01:06:19,Anonymous,Right,"""""""append list `a` to `c`""""""
   ","c.append(a)

",T2C-CONALA CODEGEN2B FINETUNED-CONALA-IMPORTS,T2C-CONALA-CODEGEN2B-FINETUNED-CONALA-IMPORTS.csv,True,5,1,1,no,1,0,0
2022-09-16 15:25:39,Anonymous,Left,"""""""read keyboard-input""""""","
keyboard_input = raw_input('Keyboard input: ')
print(keyboard_input)

A:

You can use a list comprehension to get the key pressed:
keyboard_input = [x.lower() for x in keyboard_input.split()]

A:

You can use a list comprehension to get the key pressed:
keyboard_input = [x.lower() for x in keyboard_input.split()]

A:

You can use a list comprehension to get the key pressed:
keyboard_input = [x",T2C-CONALA GPTNEO FINETUNED-CONALA,T2C-CONALA-GPTNEO-FINETUNED-CONALA.csv,True,5,4,4,yes,1,0,0
2022-09-16 15:25:39,Anonymous,Right,"""""""read keyboard-input""""""","
import sys
sys.stdin.readline()
sys.stdin.readline()
sys.stdin.readline()
sys.stdin.readline()
sys.stdin.readline()
sys.stdin.readline()
sys.stdin.readline()
sys.stdin.readline()
sys.stdin.readline()
sys.stdin.readline()
sys.stdin.readline()
sys.stdin.readline()
sys.stdin.readline()
sys.stdin.readline",T2C-CONALA GPTNEO FINETUNED-SO,T2C-CONALA-GPTNEO-FINETUNED-SO.csv,True,5,2,1,no,1,0,0
