evaluator_id,evaluator_name,expertise_level,programming_years,understanding_mean,understanding_std,agreement_mean,agreement_std,intention_rate,modified_rate,reject_rate,cognitive_load_proxy,gemini_preference,groq_preference,consistency_score,cognitive_cluster
8012e080-c655-47ef-958c-5d4a15cf16c5,Joullanar Ali,student_master,8,4.377906976744186,0.7814967140705629,4.761627906976744,0.7617567576419243,0.7848837209302325,0.13372093023255813,0.08139534883720931,0.9096996095266632,True,False,0.8176510270797168,2
7ef1cf64-1d48-44f8-989d-105e3c9c00f4,Laith,senior,8,4.273255813953488,0.8657112707779455,4.6976744186046515,0.8456253776594961,0.5116279069767442,0.37790697674418605,0.11046511627906977,1.0286756216668709,True,False,0.9133374233681041,1
444034d5-b8fb-4f95-9905-3345bcf45fc0,Katia,junior,2,4.087209302325581,0.9038315466436666,4.534883720930233,1.2676605004080728,0.47674418604651164,0.3023255813953488,0.22093023255813954,1.3299119710240954,True,False,1.167134672691945,0
ad96748f-5303-4c7d-afad-7b54ccdd6565,Egor,student_bachelor,1,4.180232558139535,0.8426246613228461,4.5,1.1920791213585393,0.46511627906976744,0.3488372093023256,0.18604651162790697,1.270874926582222,True,False,1.101859569754536,0
19ecb0ec-353f-420a-8b3d-fb6564c1235a,Leen,student_master,7,4.215116279069767,0.8058292654859087,4.651162790697675,0.9210652599627756,0.38372093023255816,0.4883720930232558,0.12790697674418605,1.1301777654801688,True,False,0.9523574303096177,1
cf2e6a6f-9651-4ef1-b9bf-556f6282bba5,Senior_Developer,senior,7,4.238372093023256,0.8137227432254658,4.622093023255814,0.9924747452459637,0.436046511627907,0.4418604651162791,0.12209302325581395,1.1986636332365952,True,False,1.001620373902675,1
49be651c-2a1c-4379-94c5-4edd5c1d8957,Junior_Developer,junior,1,4.058139534883721,0.8564123612273121,4.5813953488372094,1.0198625785087752,0.38372093023255816,0.38953488372093026,0.22674418604651161,1.3091441055642754,True,False,1.0618063484334541,0
34450f57-2c7f-4a6c-b8f8-b1b99753776f,PhD Student,student_phd,8,4.406976744186046,0.828976780362382,4.656976744186046,0.913708553693918,0.4476744186046512,0.45348837209302323,0.09883720930232558,1.131305335082404,True,False,0.9579968897129013,1
